rank,product_id,product_name,brand_name,brand_id,product_url,image_url,final_price,original_price,discount_ratio,category_id,labels,is_used,local_image_path
1,5944401,후드 티셔츠 M,반스,vans,https://www.musinsa.com/products/5944401,https://image.msscdn.net/images/goods_img/20260127/5944401/5944401_17695030270732_500.jpg,43200,48000,10,109,S+등급,True,/Users/yoon/Library/CloudStorage/Dropbox/TRUNKROOM/sample-clothes-image/001_5944401_500.jpg
2,5883260,롱스커트 1,오호스,emptyojos,https://www.musinsa.com/products/5883260,https://image.msscdn.net/images/goods_img/20260109/5883260/5883260_17679464626443_500.jpg,73000,73000,0,109,S+등급,True,/Users/yoon/Library/CloudStorage/Dropbox/TRUNKROOM/sample-clothes-image/002_5883260_500.jpg
3,5910173,긴소매 티셔츠 11/12,자라,zara_used,https://www.musinsa.com/products/5910173,https://image.msscdn.net/images/goods_img/20260119/5910173/5910173_17688069245793_500.jpg,14000,20000,30,109,S+등급,True,/Users/yoon/Library/CloudStorage/Dropbox/TRUNKROOM/sample-clothes-image/003_5910173_500.jpg
4,6056141,코튼 팬츠 30,무신사 스탠다드,musinsastandard,https://www.musinsa.com/products/6056141,https://image.msscdn.net/images/goods_img/20260225/6056141/6056141_17725135733749_500.jpg,17600,22000,20,109,S+등급,True,/Users/yoon/Library/CloudStorage/Dropbox/TRUNKROOM/sample-clothes-image/004_6056141_500.jpg
5,5670026,숏 패딩/숏 헤비 아우터 F,페일제이드,palejade,https://www.musinsa.com/products/5670026,https://image.msscdn.net/images/goods_img/20251031/5670026/5670026_17732170325408_500.jpg,95000,95000,0,109,S+등급,True,/Users/yoon/Library/CloudStorage/Dropbox/TRUNKROOM/sample-clothes-image/005_5670026_500.jpg
6,5912590,스타디움 재킷 S,렉토,recto_used,https://www.musinsa.com/products/5912590,https://image.msscdn.net/images/goods_img/20260120/5912590/5912590_17688737690295_500.jpg,368000,460000,20,109,S+등급,True,/Users/yoon/Library/CloudStorage/Dropbox/TRUNKROOM/sample-clothes-image/006_5912590_500.jpg
7,5769083,청/데님 팬츠 L,세터,satur,https://www.musinsa.com/products/5769083,https://image.msscdn.net/images/goods_img/20251124/5769083/5769083_17639725729426_500.jpg,105000,150000,30,109,S+등급,True,/Users/yoon/Library/CloudStorage/Dropbox/TRUNKROOM/sample-clothes-image/007_5769083_500.jpg
8,5639359,항공 점퍼/블루종/MA-1 M,알파 인더스트리,alphaindustries,https://www.musinsa.com/products/5639359,https://image.msscdn.net/images/goods_img/20251024/5639359/5639359_17612740053709_500.jpg,140000,140000,0,109,S+등급,True,/Users/yoon/Library/CloudStorage/Dropbox/TRUNKROOM/sample-clothes-image/008_5639359_500.jpg
9,5862775,롱 패딩/롱 헤비 아우터 M,언어펙티드,unaffected,https://www.musinsa.com/products/5862775,https://image.msscdn.net/images/goods_img/20251231/5862775/5862775_17671103767313_500.jpg,109500,219000,50,109,S+등급,True,/Users/yoon/Library/CloudStorage/Dropbox/TRUNKROOM/sample-clothes-image/009_5862775_500.jpg
10,6039170,사파리/헌팅 재킷 L,엔지니어드가먼츠,engineeredgarments,https://www.musinsa.com/products/6039170,https://image.msscdn.net/images/goods_img/20260223/6039170/6039170_17719920647639_500.jpg,210000,300000,30,109,S+등급,True,/Users/yoon/Library/CloudStorage/Dropbox/TRUNKROOM/sample-clothes-image/010_6039170_500.jpg
11,6105389,사파리/헌팅 재킷 L,바버,barbour,https://www.musinsa.com/products/6105389,https://image.msscdn.net/images/goods_img/20260310/6105389/6105389_17731110806617_500.jpg,292800,366000,20,109,S+등급,True,/Users/yoon/Library/CloudStorage/Dropbox/TRUNKROOM/sample-clothes-image/011_6105389_500.jpg
12,6212443,네이처 러플 롱원피스 S,신스덴,sincethen,https://www.musinsa.com/products/6212443,https://image.msscdn.net/images/goods_img/20260327/6212443/6212443_17745959336719_500.jpg,83430,159000,48,109,S+등급,True,/Users/yoon/Library/CloudStorage/Dropbox/TRUNKROOM/sample-clothes-image/012_6212443_500.jpg
13,6163563,기타 점퍼/재킷 XL,디키즈,dickies,https://www.musinsa.com/products/6163563,https://image.msscdn.net/images/goods_img/20260319/6163563/6163563_17739096120656_500.jpg,126000,140000,10,109,S+등급,True,/Users/yoon/Library/CloudStorage/Dropbox/TRUNKROOM/sample-clothes-image/013_6163563_500.jpg
14,6048102,슈트 팬츠/슬랙스 M,스컬프터,sculptor,https://www.musinsa.com/products/6048102,https://image.msscdn.net/images/goods_img/20260224/6048102/6048102_17719116428294_500.jpg,46400,58000,20,109,S+등급,True,/Users/yoon/Library/CloudStorage/Dropbox/TRUNKROOM/sample-clothes-image/014_6048102_500.jpg
15,6039144,블라우스 S,스컬프터,sculptor,https://www.musinsa.com/products/6039144,https://image.msscdn.net/images/goods_img/20260223/6039144/6039144_17719922757632_500.jpg,110000,110000,0,109,S+등급,True,/Users/yoon/Library/CloudStorage/Dropbox/TRUNKROOM/sample-clothes-image/015_6039144_500.jpg
16,5995170,사파리/헌팅 재킷 M,파르티멘토,partimento,https://www.musinsa.com/products/5995170,https://image.msscdn.net/images/goods_img/20260209/5995170/5995170_17707751683803_500.jpg,31500,45000,30,109,S+등급,True,/Users/yoon/Library/CloudStorage/Dropbox/TRUNKROOM/sample-clothes-image/016_5995170_500.jpg
17,6084877,맨투맨/스웨트셔츠 M,와이프로젝트 x 장 폴 고티에,yprojectxjeanpaulgaultier,https://www.musinsa.com/products/6084877,https://image.msscdn.net/images/goods_img/20260305/6084877/6084877_17726870945444_500.jpg,400000,500000,20,109,S+등급,True,/Users/yoon/Library/CloudStorage/Dropbox/TRUNKROOM/sample-clothes-image/017_6084877_500.jpg
18,6190170,기타 바지 S,유니클로,uniqlo_used,https://www.musinsa.com/products/6190170,https://image.msscdn.net/images/goods_img/20260325/6190170/6190170_17744003100544_500.jpg,22500,25000,10,109,S+등급,True,/Users/yoon/Library/CloudStorage/Dropbox/TRUNKROOM/sample-clothes-image/018_6190170_500.jpg
19,6160043,니트/스웨터 L,유니클로,uniqlo_used,https://www.musinsa.com/products/6160043,https://image.msscdn.net/images/goods_img/20260319/6160043/6160043_17738895452571_500.jpg,17100,19000,10,109,S+등급,True,/Users/yoon/Library/CloudStorage/Dropbox/TRUNKROOM/sample-clothes-image/019_6160043_500.jpg
20,6293321,기타 바지 M,그라미치,gramicci,https://www.musinsa.com/products/6293321,https://image.msscdn.net/images/goods_img/20260410/6293321/6293321_17758044942265_500.jpg,72000,80000,10,109,S+등급,True,/Users/yoon/Library/CloudStorage/Dropbox/TRUNKROOM/sample-clothes-image/020_6293321_500.jpg
21,6197183,피케/카라 티셔츠 S,쿠어,coor,https://www.musinsa.com/products/6197183,https://image.msscdn.net/images/goods_img/20260325/6197183/6197183_17744386356077_500.jpg,26550,29500,10,109,S+등급,True,/Users/yoon/Library/CloudStorage/Dropbox/TRUNKROOM/sample-clothes-image/021_6197183_500.jpg
22,6190103,청/데님 팬츠 S,유니클로,uniqlo_used,https://www.musinsa.com/products/6190103,https://image.msscdn.net/images/goods_img/20260325/6190103/6190103_17743999453533_500.jpg,19800,22000,10,109,S+등급,True,/Users/yoon/Library/CloudStorage/Dropbox/TRUNKROOM/sample-clothes-image/022_6190103_500.jpg
23,6290886,봄 가을 코트 XL,유니클로,uniqlo_used,https://www.musinsa.com/products/6290886,https://image.msscdn.net/images/goods_img/20260410/6290886/6290886_17757911702063_500.jpg,62500,62500,0,109,S+등급,True,/Users/yoon/Library/CloudStorage/Dropbox/TRUNKROOM/sample-clothes-image/023_6290886_500.jpg
24,6290808,나일론/코치 재킷 XL,유니클로,uniqlo_used,https://www.musinsa.com/products/6290808,https://image.msscdn.net/images/goods_img/20260410/6290808/6290808_17757906549583_500.jpg,40400,40400,0,109,S+등급,True,/Users/yoon/Library/CloudStorage/Dropbox/TRUNKROOM/sample-clothes-image/024_6290808_500.jpg
25,6197176,피케/카라 티셔츠 S,쿠어,coor,https://www.musinsa.com/products/6197176,https://image.msscdn.net/images/goods_img/20260325/6197176/6197176_17744385580527_500.jpg,26550,29500,10,109,S+등급,True,/Users/yoon/Library/CloudStorage/Dropbox/TRUNKROOM/sample-clothes-image/025_6197176_500.jpg
26,6138530,카디건 S,그란데라인,grandeline,https://www.musinsa.com/products/6138530,https://image.msscdn.net/images/goods_img/20260316/6138530/6138530_17736429343753_500.jpg,9000,9900,9,109,S+등급,True,/Users/yoon/Library/CloudStorage/Dropbox/TRUNKROOM/sample-clothes-image/026_6138530_500.jpg
27,6190296,청/데님 팬츠 29,지오다노,giordano,https://www.musinsa.com/products/6190296,https://image.msscdn.net/images/goods_img/20260325/6190296/6190296_17744009223115_500.jpg,15300,17000,10,109,S+등급,True,/Users/yoon/Library/CloudStorage/Dropbox/TRUNKROOM/sample-clothes-image/027_6190296_500.jpg
28,6210405,패딩 베스트 XL,컬럼비아,columbia,https://www.musinsa.com/products/6210405,https://image.msscdn.net/images/goods_img/20260327/6210405/6210405_17745867709276_500.jpg,36000,40000,10,109,S+등급,True,/Users/yoon/Library/CloudStorage/Dropbox/TRUNKROOM/sample-clothes-image/028_6210405_500.jpg
29,6172989,후드 집업 S,스투시,stussy,https://www.musinsa.com/products/6172989,https://image.msscdn.net/images/goods_img/20260323/6172989/6172989_17742253718519_500.jpg,225000,250000,10,109,B등급,True,/Users/yoon/Library/CloudStorage/Dropbox/TRUNKROOM/sample-clothes-image/029_6172989_500.jpg
30,6191371,기타 상의 S,쓰리타임즈,threetimes,https://www.musinsa.com/products/6191371,https://image.msscdn.net/images/goods_img/20260325/6191371/6191371_17744053512662_500.jpg,44100,49000,10,109,S+등급,True,/Users/yoon/Library/CloudStorage/Dropbox/TRUNKROOM/sample-clothes-image/030_6191371_500.jpg
31,6191543,씨빅 RDS 후드 숏 푸퍼 Brown M,커버낫,covernat,https://www.musinsa.com/products/6191543,https://image.msscdn.net/images/goods_img/20260325/6191543/6191543_17744062440678_500.jpg,22500,249000,91,109,B등급,True,/Users/yoon/Library/CloudStorage/Dropbox/TRUNKROOM/sample-clothes-image/031_6191543_500.jpg
32,6160535,레깅스 L,젝시믹스,xexymix,https://www.musinsa.com/products/6160535,https://image.msscdn.net/images/goods_img/20260319/6160535/6160535_17738954196627_500.jpg,45000,50000,10,109,S+등급,True,/Users/yoon/Library/CloudStorage/Dropbox/TRUNKROOM/sample-clothes-image/032_6160535_500.jpg
33,6290711,봄 가을 코트 L,유니클로,uniqlo_used,https://www.musinsa.com/products/6290711,https://image.msscdn.net/images/goods_img/20260410/6290711/6290711_17757901314201_500.jpg,62500,62500,0,109,S+등급,True,/Users/yoon/Library/CloudStorage/Dropbox/TRUNKROOM/sample-clothes-image/033_6290711_500.jpg
34,6194014,니트/스웨터 95,코데즈컴바인,codescombine,https://www.musinsa.com/products/6194014,https://image.msscdn.net/images/goods_img/20260325/6194014/6194014_17744206740214_500.jpg,20700,23000,10,109,S+등급,True,/Users/yoon/Library/CloudStorage/Dropbox/TRUNKROOM/sample-clothes-image/034_6194014_500.jpg
35,6085759,릴렉스 핏 크루 넥 티셔츠 [핫 핑크] L,무신사 스탠다드,musinsastandard,https://www.musinsa.com/products/6085759,https://image.msscdn.net/images/goods_img/20260305/6085759/6085759_17726915820706_500.jpg,9000,15900,43,109,S+등급,True,/Users/yoon/Library/CloudStorage/Dropbox/TRUNKROOM/sample-clothes-image/035_6085759_500.jpg
36,5877228,슈트/블레이저 재킷 FREE,폴앤앨리스,pa,https://www.musinsa.com/products/5877228,https://image.msscdn.net/images/goods_img/20260108/5877228/5877228_17679476803010_500.jpg,31500,45000,30,109,S+등급,True,/Users/yoon/Library/CloudStorage/Dropbox/TRUNKROOM/sample-clothes-image/036_5877228_500.jpg
37,6106801,슈트 팬츠/슬랙스 S,유니클로,uniqlo_used,https://www.musinsa.com/products/6106801,https://image.msscdn.net/images/goods_img/20260310/6106801/6106801_17731174152768_500.jpg,12000,15000,20,109,S+등급,True,/Users/yoon/Library/CloudStorage/Dropbox/TRUNKROOM/sample-clothes-image/037_6106801_500.jpg
38,6306383,코튼 팬츠 M,비바스튜디오,vivastudio,https://www.musinsa.com/products/6306383,https://image.msscdn.net/images/goods_img/20260414/6306383/6306383_17761417913915_500.jpg,25000,25000,0,109,S+등급,True,/Users/yoon/Library/CloudStorage/Dropbox/TRUNKROOM/sample-clothes-image/038_6306383_500.jpg
39,6104072,슈트 팬츠/슬랙스 A2,아더에러,adererror_used,https://www.musinsa.com/products/6104072,https://image.msscdn.net/images/goods_img/20260310/6104072/6104072_17731041881156_500.jpg,122400,153000,20,109,S+등급,True,/Users/yoon/Library/CloudStorage/Dropbox/TRUNKROOM/sample-clothes-image/039_6104072_500.jpg
40,6193106,니트/스웨터 95,코데즈컴바인,codescombine,https://www.musinsa.com/products/6193106,https://image.msscdn.net/images/goods_img/20260325/6193106/6193106_17744158720129_500.jpg,20700,23000,10,109,S+등급,True,/Users/yoon/Library/CloudStorage/Dropbox/TRUNKROOM/sample-clothes-image/040_6193106_500.jpg
41,6195499,코튼 팬츠 L,커버낫,covernat,https://www.musinsa.com/products/6195499,https://image.msscdn.net/images/goods_img/20260325/6195499/6195499_17744257070355_500.jpg,31500,35000,10,109,S+등급,True,/Users/yoon/Library/CloudStorage/Dropbox/TRUNKROOM/sample-clothes-image/041_6195499_500.jpg
42,6060298,기타 점퍼/재킷 100,시스템,system_used,https://www.musinsa.com/products/6060298,https://image.msscdn.net/images/goods_img/20260226/6060298/6060298_17720866396810_500.jpg,96000,120000,20,109,S+등급,True,/Users/yoon/Library/CloudStorage/Dropbox/TRUNKROOM/sample-clothes-image/042_6060298_500.jpg
43,6190131,카디건 95,테이트,tate,https://www.musinsa.com/products/6190131,https://image.msscdn.net/images/goods_img/20260325/6190131/6190131_17744000889152_500.jpg,15300,17000,10,109,S+등급,True,/Users/yoon/Library/CloudStorage/Dropbox/TRUNKROOM/sample-clothes-image/043_6190131_500.jpg
44,6203807,트레이닝 재킷 S,아디다스,adidas,https://www.musinsa.com/products/6203807,https://image.msscdn.net/images/goods_img/20260326/6203807/6203807_17745121731446_500.jpg,45000,50000,10,109,B등급,True,/Users/yoon/Library/CloudStorage/Dropbox/TRUNKROOM/sample-clothes-image/044_6203807_500.jpg
45,6196735,맨투맨/스웨트셔츠 S,인사일런스,insilence,https://www.musinsa.com/products/6196735,https://image.msscdn.net/images/goods_img/20260325/6196735/6196735_17744347523180_500.jpg,28800,32000,10,109,S+등급,True,/Users/yoon/Library/CloudStorage/Dropbox/TRUNKROOM/sample-clothes-image/045_6196735_500.jpg
46,6061995,항공 점퍼/블루종/MA-1,쿠어,coor,https://www.musinsa.com/products/6061995,https://image.msscdn.net/images/goods_img/20260226/6061995/6061995_17720945000403_500.jpg,236000,295000,20,109,S+등급,True,/Users/yoon/Library/CloudStorage/Dropbox/TRUNKROOM/sample-clothes-image/046_6061995_500.jpg
47,5848368,긴소매 티셔츠,칙스,chicks,https://www.musinsa.com/products/5848368,https://image.msscdn.net/images/goods_img/20251223/5848368/5848368_17767609411377_500.jpg,30000,30000,0,109,S+등급,True,/Users/yoon/Library/CloudStorage/Dropbox/TRUNKROOM/sample-clothes-image/047_5848368_500.jpg
48,5892636,스트레이트 데님 팬츠 [블랙] 29,무신사 스탠다드,musinsastandard,https://www.musinsa.com/products/5892636,https://image.msscdn.net/images/goods_img/20260114/5892636/5892636_17687980043541_500.jpg,11650,49900,77,109,B등급,True,/Users/yoon/Library/CloudStorage/Dropbox/TRUNKROOM/sample-clothes-image/048_5892636_500.jpg
49,6228477,기타 점퍼/재킷 S,자라,zara_used,https://www.musinsa.com/products/6228477,https://image.msscdn.net/images/goods_img/20260331/6228477/6228477_17749405080026_500.jpg,36450,40500,10,109,S+등급,True,/Users/yoon/Library/CloudStorage/Dropbox/TRUNKROOM/sample-clothes-image/049_6228477_500.jpg
50,6136589,반소매 티셔츠 XL,아크테릭스,arcteryx,https://www.musinsa.com/products/6136589,https://image.msscdn.net/images/goods_img/20260316/6136589/6136589_17736315989587_500.jpg,88000,110000,20,109,S+등급,True,/Users/yoon/Library/CloudStorage/Dropbox/TRUNKROOM/sample-clothes-image/050_6136589_500.jpg
51,6143745,베스트 FREE,비키,viki,https://www.musinsa.com/products/6143745,https://image.msscdn.net/images/goods_img/20260317/6143745/6143745_17737166015482_500.jpg,30600,34000,10,109,S+등급,True,/Users/yoon/Library/CloudStorage/Dropbox/TRUNKROOM/sample-clothes-image/051_6143745_500.jpg
52,6193828,기타 점퍼/재킷 M,유니클로,uniqlo_used,https://www.musinsa.com/products/6193828,https://image.msscdn.net/images/goods_img/20260325/6193828/6193828_17744192989891_500.jpg,36360,40400,10,109,S+등급,True,/Users/yoon/Library/CloudStorage/Dropbox/TRUNKROOM/sample-clothes-image/052_6193828_500.jpg
53,5953038,긴소매 티셔츠 FREE,제이제이 지고트,jjjigott,https://www.musinsa.com/products/5953038,https://image.msscdn.net/images/goods_img/20260129/5953038/5953038_17696511189567_500.jpg,10200,17000,40,109,S+등급,True,/Users/yoon/Library/CloudStorage/Dropbox/TRUNKROOM/sample-clothes-image/053_5953038_500.jpg
54,6087477,미디스커트 40,메종 마르지엘라,maisonmargiela,https://www.musinsa.com/products/6087477,https://image.msscdn.net/images/goods_img/20260305/6087477/6087477_17726967657396_500.jpg,424000,530000,20,109,S+등급,True,/Users/yoon/Library/CloudStorage/Dropbox/TRUNKROOM/sample-clothes-image/054_6087477_500.jpg
55,6197284,데님/트러커 재킷 L,위캔더스,wkndrs,https://www.musinsa.com/products/6197284,https://image.msscdn.net/images/goods_img/20260325/6197284/6197284_17744394603355_500.jpg,40500,45000,10,109,S+등급,True,/Users/yoon/Library/CloudStorage/Dropbox/TRUNKROOM/sample-clothes-image/055_6197284_500.jpg
56,6214670,트레이닝 팬츠 S,아디다스,adidas,https://www.musinsa.com/products/6214670,https://image.msscdn.net/images/goods_img/20260327/6214670/6214670_17746121980574_500.jpg,22500,25000,10,109,B등급,True,/Users/yoon/Library/CloudStorage/Dropbox/TRUNKROOM/sample-clothes-image/056_6214670_500.jpg
57,6148264,반소매 티셔츠 L,비비안 웨스트우드,viviennewestwood,https://www.musinsa.com/products/6148264,https://image.msscdn.net/images/goods_img/20260317/6148264/6148264_17737362887274_500.jpg,89100,99000,10,109,S+등급,True,/Users/yoon/Library/CloudStorage/Dropbox/TRUNKROOM/sample-clothes-image/057_6148264_500.jpg
58,6285733,미니 원피스 2,이자벨마랑 x 에이치엔엠,isabelmarantxhm,https://www.musinsa.com/products/6285733,https://image.msscdn.net/images/goods_img/20260409/6285733/6285733_17757222239051_500.jpg,20700,23000,10,109,S+등급,True,/Users/yoon/Library/CloudStorage/Dropbox/TRUNKROOM/sample-clothes-image/058_6285733_500.jpg
59,6287971,기타 상의 32,앤아더스토리즈,otherstories,https://www.musinsa.com/products/6287971,https://image.msscdn.net/images/goods_img/20260410/6287971/6287971_17757816212685_500.jpg,39900,39900,0,109,S+등급,True,/Users/yoon/Library/CloudStorage/Dropbox/TRUNKROOM/sample-clothes-image/059_6287971_500.jpg
60,6224744,집 앤드 버튼 블루종 점퍼 (다크그레이시그린) M,쿠어,coor,https://www.musinsa.com/products/6224744,https://image.msscdn.net/images/goods_img/20260331/6224744/6224744_17749209071427_500.jpg,55800,220000,75,109,B등급,True,/Users/yoon/Library/CloudStorage/Dropbox/TRUNKROOM/sample-clothes-image/060_6224744_500.jpg
61,5981210,파이어버드 트랙탑 - 블랙 / IL8764 S,아디다스,adidas,https://www.musinsa.com/products/5981210,https://image.msscdn.net/images/goods_img/20260204/5981210/5981210_17701884190899_500.jpg,59400,99000,40,109,S+등급,True,/Users/yoon/Library/CloudStorage/Dropbox/TRUNKROOM/sample-clothes-image/061_5981210_500.jpg
62,5829259,롱스커트 M,아워코모스,ourcomos,https://www.musinsa.com/products/5829259,https://image.msscdn.net/images/goods_img/20251215/5829259/5829259_17657771409464_500.jpg,30000,60000,50,109,S+등급,True,/Users/yoon/Library/CloudStorage/Dropbox/TRUNKROOM/sample-clothes-image/062_5829259_500.jpg
63,6054113,항공 점퍼/블루종/MA-1 M,032씨,032c,https://www.musinsa.com/products/6054113,https://image.msscdn.net/images/goods_img/20260225/6054113/6054113_17719983365845_500.jpg,368000,460000,20,109,S+등급,True,/Users/yoon/Library/CloudStorage/Dropbox/TRUNKROOM/sample-clothes-image/063_6054113_500.jpg
64,6170322,캐주얼 셔츠 XL,휴먼메이드,humanmade_used,https://www.musinsa.com/products/6170322,https://image.msscdn.net/images/goods_img/20260320/6170322/6170322_17739926256596_500.jpg,158000,158000,0,109,A+등급,True,/Users/yoon/Library/CloudStorage/Dropbox/TRUNKROOM/sample-clothes-image/064_6170322_500.jpg
65,6225962,슈트 팬츠/슬랙스 32,무신사 스탠다드,musinsastandard,https://www.musinsa.com/products/6225962,https://image.msscdn.net/images/goods_img/20260331/6225962/6225962_17749265511109_500.jpg,17100,19000,10,109,S+등급,True,/Users/yoon/Library/CloudStorage/Dropbox/TRUNKROOM/sample-clothes-image/065_6225962_500.jpg
66,5925140,VSW Check Denim Pants Indigo Blue L,비전스트릿웨어,visionstreetwear,https://www.musinsa.com/products/5925140,https://image.msscdn.net/images/goods_img/20260122/5925140/5925140_17690513470179_500.jpg,13740,109000,87,109,B등급,True,/Users/yoon/Library/CloudStorage/Dropbox/TRUNKROOM/sample-clothes-image/066_5925140_500.jpg
67,6310711,기타 바지 M,에이지오디,againstallodds,https://www.musinsa.com/products/6310711,https://image.msscdn.net/images/goods_img/20260414/6310711/6310711_17761737874026_500.jpg,20000,20000,0,109,S+등급,True,/Users/yoon/Library/CloudStorage/Dropbox/TRUNKROOM/sample-clothes-image/067_6310711_500.jpg
68,6314362,겨울 기타 코트,썸플레이스,someplace,https://www.musinsa.com/products/6314362,https://image.msscdn.net/images/goods_img/20260415/6314362/6314362_17762308960760_500.jpg,34000,34000,0,109,A등급,True,/Users/yoon/Library/CloudStorage/Dropbox/TRUNKROOM/sample-clothes-image/068_6314362_500.jpg
69,6310685,슈트 팬츠/슬랙스 M,어반드레스,avan,https://www.musinsa.com/products/6310685,https://image.msscdn.net/images/goods_img/20260414/6310685/6310685_17761733924866_500.jpg,19000,19000,0,109,A+등급,True,/Users/yoon/Library/CloudStorage/Dropbox/TRUNKROOM/sample-clothes-image/069_6310685_500.jpg
70,6253119,기타 상의 FREE,골라,gola,https://www.musinsa.com/products/6253119,https://image.msscdn.net/images/goods_img/20260403/6253119/6253119_17751952214326_500.jpg,17100,19000,10,109,S+등급,True,/Users/yoon/Library/CloudStorage/Dropbox/TRUNKROOM/sample-clothes-image/070_6253119_500.jpg
71,6112579,후드 티셔츠 S M,자라 x 아더에러,zaraxadererror,https://www.musinsa.com/products/6112579,https://image.msscdn.net/images/goods_img/20260311/6112579/6112579_17731958437531_500.jpg,79000,79000,0,109,A+등급,True,/Users/yoon/Library/CloudStorage/Dropbox/TRUNKROOM/sample-clothes-image/071_6112579_500.jpg
72,6307165,후드 티셔츠 XL,무신사 스탠다드,musinsastandard,https://www.musinsa.com/products/6307165,https://image.msscdn.net/images/goods_img/20260414/6307165/6307165_17763899767206_500.jpg,15000,15000,0,109,A+등급,True,/Users/yoon/Library/CloudStorage/Dropbox/TRUNKROOM/sample-clothes-image/072_6307165_500.jpg
73,5974903,SPEED RACING JACKET IN BLACK S,마뗑킴,matinkim,https://www.musinsa.com/products/5974903,https://image.msscdn.net/images/goods_img/20260203/5974903/5974903_17703604514470_500.jpg,59220,238000,75,109,A+등급,True,/Users/yoon/Library/CloudStorage/Dropbox/TRUNKROOM/sample-clothes-image/073_5974903_500.jpg
74,6266845,반소매 티셔츠 XL,슈프림,supreme,https://www.musinsa.com/products/6266845,https://image.msscdn.net/images/goods_img/20260407/6266845/6266845_17755286726697_500.jpg,89100,99000,10,109,A+등급,True,/Users/yoon/Library/CloudStorage/Dropbox/TRUNKROOM/sample-clothes-image/074_6266845_500.jpg
75,6208966,바네사 오프숄더 플레어 원피스 [RED] FREE,제로플래닛,zeroplanet,https://www.musinsa.com/products/6208966,https://image.msscdn.net/images/goods_img/20260327/6208966/6208966_17745782211100_500.jpg,17100,83000,79,109,A+등급,True,/Users/yoon/Library/CloudStorage/Dropbox/TRUNKROOM/sample-clothes-image/075_6208966_500.jpg
76,6255032,반소매 티셔츠 S,스투시,stussy,https://www.musinsa.com/products/6255032,https://image.msscdn.net/images/goods_img/20260403/6255032/6255032_17752040240294_500.jpg,52650,58500,10,109,A등급,True,/Users/yoon/Library/CloudStorage/Dropbox/TRUNKROOM/sample-clothes-image/076_6255032_500.jpg
77,5974770,반소매 티셔츠 L,비비안 웨스트우드,viviennewestwood,https://www.musinsa.com/products/5974770,https://image.msscdn.net/images/goods_img/20260203/5974770/5974770_17701003007745_500.jpg,71700,119500,40,109,A등급,True,/Users/yoon/Library/CloudStorage/Dropbox/TRUNKROOM/sample-clothes-image/077_5974770_500.jpg
78,6281675,반소매 티셔츠 XXL,휴먼메이드,humanmade_used,https://www.musinsa.com/products/6281675,https://image.msscdn.net/images/goods_img/20260409/6281675/6281675_17756979835259_500.jpg,190000,190000,0,109,A등급,True,/Users/yoon/Library/CloudStorage/Dropbox/TRUNKROOM/sample-clothes-image/078_6281675_500.jpg
79,6118485,LC BACK POCKET NYLON JACKET_WHITE_LC242_JP01WH S,로우클래식,lowclassic,https://www.musinsa.com/products/6118485,https://image.msscdn.net/images/goods_img/20260311/6118485/6118485_17732224981258_500.jpg,63200,238000,73,109,A+등급,True,/Users/yoon/Library/CloudStorage/Dropbox/TRUNKROOM/sample-clothes-image/079_6118485_500.jpg
80,6115307,반소매 티셔츠 S,베이프,bape,https://www.musinsa.com/products/6115307,https://image.msscdn.net/images/goods_img/20260311/6115307/6115307_17732082800797_500.jpg,68000,85000,20,109,A+등급,True,/Users/yoon/Library/CloudStorage/Dropbox/TRUNKROOM/sample-clothes-image/080_6115307_500.jpg
81,5893609,기모 후디드 스웨트셔츠 [미디엄 그레이] L,무신사 스탠다드,musinsastandard,https://www.musinsa.com/products/5893609,https://image.msscdn.net/images/goods_img/20260114/5893609/5893609_17688026835552_500.jpg,9000,42900,79,109,A등급,True,/Users/yoon/Library/CloudStorage/Dropbox/TRUNKROOM/sample-clothes-image/081_5893609_500.jpg
82,6307110,겨울 싱글 코트 100,마인드브릿지,mindbridge,https://www.musinsa.com/products/6307110,https://image.msscdn.net/images/goods_img/20260414/6307110/6307110_17761457284166_500.jpg,36000,36000,0,109,A+등급,True,/Users/yoon/Library/CloudStorage/Dropbox/TRUNKROOM/sample-clothes-image/082_6307110_500.jpg
83,6173901,더플 패딩_올리브 M,코드그라피,codegraphy,https://www.musinsa.com/products/6173901,https://image.msscdn.net/images/goods_img/20260323/6173901/6173901_17742323944248_500.jpg,22500,169000,87,109,B등급,True,/Users/yoon/Library/CloudStorage/Dropbox/TRUNKROOM/sample-clothes-image/083_6173901_500.jpg
84,6213681,미디 원피스 FREE,아틀리에 나인,nain,https://www.musinsa.com/products/6213681,https://image.msscdn.net/images/goods_img/20260327/6213681/6213681_17746008860229_500.jpg,22500,25000,10,109,B등급,True,/Users/yoon/Library/CloudStorage/Dropbox/TRUNKROOM/sample-clothes-image/084_6213681_500.jpg
85,5954186,SEMI BOOTS CUT DAMAGE DENIM PANTS IN LIGHT BLUE S,마뗑킴,matinkim,https://www.musinsa.com/products/5954186,https://image.msscdn.net/images/goods_img/20260129/5954186/5954186_17696616580396_500.jpg,44280,178000,75,109,A+등급,True,/Users/yoon/Library/CloudStorage/Dropbox/TRUNKROOM/sample-clothes-image/085_5954186_500.jpg
86,5888603,반소매 티셔츠 M,던스트,dunstforwomen,https://www.musinsa.com/products/5888603,https://image.msscdn.net/images/goods_img/20260113/5888603/5888603_17682728388818_500.jpg,25000,50000,50,109,A등급,True,/Users/yoon/Library/CloudStorage/Dropbox/TRUNKROOM/sample-clothes-image/086_5888603_500.jpg
87,6223609,후드 집업 S,칼하트,carhartt,https://www.musinsa.com/products/6223609,https://image.msscdn.net/images/goods_img/20260331/6223609/6223609_17748860278452_500.jpg,49500,55000,10,109,A등급,True,/Users/yoon/Library/CloudStorage/Dropbox/TRUNKROOM/sample-clothes-image/087_6223609_500.jpg
88,6304852,니트/스웨터 S,에이치앤엠,hm_used,https://www.musinsa.com/products/6304852,https://image.msscdn.net/images/goods_img/20260414/6304852/6304852_17761313276262_500.jpg,10000,10000,0,109,A+등급,True,/Users/yoon/Library/CloudStorage/Dropbox/TRUNKROOM/sample-clothes-image/088_6304852_500.jpg
89,6272784,피케/카라 티셔츠 M,슈프림,supreme,https://www.musinsa.com/products/6272784,https://image.msscdn.net/images/goods_img/20260407/6272784/6272784_17755621634756_500.jpg,108000,120000,10,109,A등급,True,/Users/yoon/Library/CloudStorage/Dropbox/TRUNKROOM/sample-clothes-image/089_6272784_500.jpg
90,6097121,COTTON LAYERED BANDING WIDE PANTS BLACK FREE,유희,youhee,https://www.musinsa.com/products/6097121,https://image.msscdn.net/images/goods_img/20260309/6097121/6097121_17730185932602_500.jpg,60160,129000,53,109,S+등급,True,/Users/yoon/Library/CloudStorage/Dropbox/TRUNKROOM/sample-clothes-image/090_6097121_500.jpg
91,5907415,반소매 티셔츠 S,오클리,oakley,https://www.musinsa.com/products/5907415,https://image.msscdn.net/images/goods_img/20260119/5907415/5907415_17687894469592_500.jpg,37000,37000,0,109,A등급,True,/Users/yoon/Library/CloudStorage/Dropbox/TRUNKROOM/sample-clothes-image/091_5907415_500.jpg
92,6131852,반소매 티셔츠 FREE,론론,ronron,https://www.musinsa.com/products/6131852,https://image.msscdn.net/images/goods_img/20260313/6131852/6131852_17733863232348_500.jpg,31200,39000,20,109,A+등급,True,/Users/yoon/Library/CloudStorage/Dropbox/TRUNKROOM/sample-clothes-image/092_6131852_500.jpg
93,6325157,반소매 티셔츠 M,자바나스,zavanas,https://www.musinsa.com/products/6325157,https://image.msscdn.net/images/goods_img/20260416/6325157/6325157_17763276085014_500.jpg,12000,12000,0,109,A등급,True,/Users/yoon/Library/CloudStorage/Dropbox/TRUNKROOM/sample-clothes-image/093_6325157_500.jpg
94,6210678,기타 상의 ONE SIZE,유즈,yuse,https://www.musinsa.com/products/6210678,https://image.msscdn.net/images/goods_img/20260327/6210678/6210678_17745880869015_500.jpg,13500,15000,10,109,A+등급,True,/Users/yoon/Library/CloudStorage/Dropbox/TRUNKROOM/sample-clothes-image/094_6210678_500.jpg
95,6299804,반소매 티셔츠 S,유니클로,uniqlo_used,https://www.musinsa.com/products/6299804,https://image.msscdn.net/images/goods_img/20260413/6299804/6299804_17760597479363_500.jpg,15000,15000,0,109,A등급,True,/Users/yoon/Library/CloudStorage/Dropbox/TRUNKROOM/sample-clothes-image/095_6299804_500.jpg
96,6118811,반소매 티셔츠 L,아이앱 스튜디오,iabstudio,https://www.musinsa.com/products/6118811,https://image.msscdn.net/images/goods_img/20260311/6118811/6118811_17732252095767_500.jpg,104000,130000,20,109,A등급,True,/Users/yoon/Library/CloudStorage/Dropbox/TRUNKROOM/sample-clothes-image/096_6118811_500.jpg
97,6084729,트레이닝 재킷 S,아디다스,adidas,https://www.musinsa.com/products/6084729,https://image.msscdn.net/images/goods_img/20260305/6084729/6084729_17726865409031_500.jpg,36000,36000,0,109,A+등급,True,/Users/yoon/Library/CloudStorage/Dropbox/TRUNKROOM/sample-clothes-image/097_6084729_500.jpg
98,5915656,SHEER WINDBREAKER [GREY] OS,로우타이드,lowtide,https://www.musinsa.com/products/5915656,https://image.msscdn.net/images/goods_img/20260120/5915656/5915656_17688955155428_500.jpg,48480,198000,76,109,A등급,True,/Users/yoon/Library/CloudStorage/Dropbox/TRUNKROOM/sample-clothes-image/098_5915656_500.jpg
99,6253184,캐주얼 셔츠 4,포터리,pottery,https://www.musinsa.com/products/6253184,https://image.msscdn.net/images/goods_img/20260403/6253184/6253184_17751953497408_500.jpg,75150,83500,10,109,A+등급,True,/Users/yoon/Library/CloudStorage/Dropbox/TRUNKROOM/sample-clothes-image/099_6253184_500.jpg
100,5947667,레귤러 핏 데님 팬츠 [라이트 인디고] 29,무신사 스탠다드,musinsastandard,https://www.musinsa.com/products/5947667,https://image.msscdn.net/images/goods_img/20260128/5947667/5947667_17695705040021_500.jpg,13980,49900,72,109,B등급,True,/Users/yoon/Library/CloudStorage/Dropbox/TRUNKROOM/sample-clothes-image/100_5947667_500.jpg
101,6297835,반소매 티셔츠 48,제너럴 아이디어,generalidea,https://www.musinsa.com/products/6297835,https://image.msscdn.net/images/goods_img/20260413/6297835/6297835_17760481616615_500.jpg,13000,13000,0,109,S등급,True,/Users/yoon/Library/CloudStorage/Dropbox/TRUNKROOM/sample-clothes-image/101_6297835_500.jpg
102,6224009,울 더플 코트 차콜 WS,커버낫,covernat,https://www.musinsa.com/products/6224009,https://image.msscdn.net/images/goods_img/20260331/6224009/6224009_17749167996045_500.jpg,19110,299000,94,109,B등급,True,/Users/yoon/Library/CloudStorage/Dropbox/TRUNKROOM/sample-clothes-image/102_6224009_500.jpg
103,6258411,캐주얼 셔츠 XL,유니클로 x JW 앤더슨,uniqloxjwanderson,https://www.musinsa.com/products/6258411,https://image.msscdn.net/images/goods_img/20260406/6258411/6258411_17754424798515_500.jpg,18000,20000,10,109,A+등급,True,/Users/yoon/Library/CloudStorage/Dropbox/TRUNKROOM/sample-clothes-image/103_6258411_500.jpg
104,6251251,조거 팬츠 S,필루미네이트,filluminate,https://www.musinsa.com/products/6251251,https://image.msscdn.net/images/goods_img/20260403/6251251/6251251_17751840178607_500.jpg,17100,19000,10,109,A+등급,True,/Users/yoon/Library/CloudStorage/Dropbox/TRUNKROOM/sample-clothes-image/104_6251251_500.jpg
105,6078927,긴소매 티셔츠 XXL,휴먼메이드,humanmade_used,https://www.musinsa.com/products/6078927,https://image.msscdn.net/images/goods_img/20260304/6078927/6078927_17726038955792_500.jpg,115200,144000,20,109,A+등급,True,/Users/yoon/Library/CloudStorage/Dropbox/TRUNKROOM/sample-clothes-image/105_6078927_500.jpg
106,6152151,반소매 티셔츠 L,아웃스탠딩,outstanding,https://www.musinsa.com/products/6152151,https://image.msscdn.net/images/goods_img/20260318/6152151/6152151_17738035150281_500.jpg,13600,17000,20,109,A+등급,True,/Users/yoon/Library/CloudStorage/Dropbox/TRUNKROOM/sample-clothes-image/106_6152151_500.jpg
107,6178351,캐주얼 셔츠 M,꼼데가르송 플레이,commedesgarconsplay,https://www.musinsa.com/products/6178351,https://image.msscdn.net/images/goods_img/20260323/6178351/6178351_17742544486861_500.jpg,138000,138000,0,109,A+등급,True,/Users/yoon/Library/CloudStorage/Dropbox/TRUNKROOM/sample-clothes-image/107_6178351_500.jpg
108,5909868,3S 긴팔 티 - 블랙 / IA4877 L,아디다스,adidas,https://www.musinsa.com/products/5909868,https://image.msscdn.net/images/goods_img/20260119/5909868/5909868_17688059753935_500.jpg,39000,65000,40,109,A+등급,True,/Users/yoon/Library/CloudStorage/Dropbox/TRUNKROOM/sample-clothes-image/108_5909868_500.jpg
109,5943416,반소매 티셔츠 M,아디다스,adidas,https://www.musinsa.com/products/5943416,https://image.msscdn.net/images/goods_img/20260127/5943416/5943416_17694985068100_500.jpg,31800,53000,40,109,S+등급,True,/Users/yoon/Library/CloudStorage/Dropbox/TRUNKROOM/sample-clothes-image/109_5943416_500.jpg
110,6305580,슈트 팬츠/슬랙스 S,시그니처9,signature9,https://www.musinsa.com/products/6305580,https://image.msscdn.net/images/goods_img/20260414/6305580/6305580_17761348568214_500.jpg,19000,19000,0,109,A+등급,True,/Users/yoon/Library/CloudStorage/Dropbox/TRUNKROOM/sample-clothes-image/110_6305580_500.jpg
111,5974211,트레이닝 재킷 90,아디다스,adidas,https://www.musinsa.com/products/5974211,https://image.msscdn.net/images/goods_img/20260203/5974211/5974211_17703439796200_500.jpg,23400,39000,40,109,A+등급,True,/Users/yoon/Library/CloudStorage/Dropbox/TRUNKROOM/sample-clothes-image/111_5974211_500.jpg
112,5895440,청/데님 팬츠 L,트래블,travel,https://www.musinsa.com/products/5895440,https://image.msscdn.net/images/goods_img/20260114/5895440/5895440_17683789405441_500.jpg,15000,30000,50,109,A+등급,True,/Users/yoon/Library/CloudStorage/Dropbox/TRUNKROOM/sample-clothes-image/112_5895440_500.jpg
113,6168056,남성 T 저스트 G1 반소매 티셔츠 - 다크 그레이 / A085320CJAA900 S,디젤,diesel,https://www.musinsa.com/products/6168056,https://image.msscdn.net/images/goods_img/20260320/6168056/6168056_17739829572565_500.jpg,81000,180000,55,109,A+등급,True,/Users/yoon/Library/CloudStorage/Dropbox/TRUNKROOM/sample-clothes-image/113_6168056_500.jpg
114,5985621,청/데님 팬츠 48,헤더헬렌,hederhelen,https://www.musinsa.com/products/5985621,https://image.msscdn.net/images/goods_img/20260205/5985621/5985621_17702695777704_500.jpg,20400,34000,40,109,S+등급,True,/Users/yoon/Library/CloudStorage/Dropbox/TRUNKROOM/sample-clothes-image/114_5985621_500.jpg
115,6304552,니트/스웨터 L,트릴리온,trillion,https://www.musinsa.com/products/6304552,https://image.msscdn.net/images/goods_img/20260414/6304552/6304552_17761298388731_500.jpg,19000,19000,0,109,A+등급,True,/Users/yoon/Library/CloudStorage/Dropbox/TRUNKROOM/sample-clothes-image/115_6304552_500.jpg
116,5985451,캐주얼 셔츠 L,컬럼비아,columbia,https://www.musinsa.com/products/5985451,https://image.msscdn.net/images/goods_img/20260205/5985451/5985451_17702686893129_500.jpg,17100,28500,40,109,A등급,True,/Users/yoon/Library/CloudStorage/Dropbox/TRUNKROOM/sample-clothes-image/116_5985451_500.jpg
117,6304734,캐주얼 셔츠 L,무신사 스탠다드,musinsastandard,https://www.musinsa.com/products/6304734,https://image.msscdn.net/images/goods_img/20260414/6304734/6304734_17761307274406_500.jpg,15000,15000,0,109,A+등급,True,/Users/yoon/Library/CloudStorage/Dropbox/TRUNKROOM/sample-clothes-image/117_6304734_500.jpg
118,5985539,조거 팬츠 M,아디다스,adidas,https://www.musinsa.com/products/5985539,https://image.msscdn.net/images/goods_img/20260205/5985539/5985539_17706042236595_500.jpg,27000,45000,40,109,S등급,True,/Users/yoon/Library/CloudStorage/Dropbox/TRUNKROOM/sample-clothes-image/118_5985539_500.jpg
119,6171857,캐주얼 셔츠 M,꼼데가르송 플레이,commedesgarconsplay,https://www.musinsa.com/products/6171857,https://image.msscdn.net/images/goods_img/20260320/6171857/6171857_17740105347785_500.jpg,138000,138000,0,109,A+등급,True,/Users/yoon/Library/CloudStorage/Dropbox/TRUNKROOM/sample-clothes-image/119_6171857_500.jpg
120,6252329,반소매 티셔츠,노컨텐츠,nocontent,https://www.musinsa.com/products/6252329,https://image.msscdn.net/images/goods_img/20260403/6252329/6252329_17751917029295_500.jpg,27000,30000,10,109,A등급,True,/Users/yoon/Library/CloudStorage/Dropbox/TRUNKROOM/sample-clothes-image/120_6252329_500.jpg
121,5908367,스트레이트 데님 팬츠 [라이트 인디고] 40,무신사 스탠다드,musinsastandard,https://www.musinsa.com/products/5908367,https://image.msscdn.net/images/goods_img/20260119/5908367/5908367_17690646276600_500.jpg,13980,49900,72,109,B등급,True,/Users/yoon/Library/CloudStorage/Dropbox/TRUNKROOM/sample-clothes-image/121_5908367_500.jpg
122,5983810,조거 팬츠 1,와이이이엘,leey,https://www.musinsa.com/products/5983810,https://image.msscdn.net/images/goods_img/20260205/5983810/5983810_17706055108846_500.jpg,48000,80000,40,109,A+등급,True,/Users/yoon/Library/CloudStorage/Dropbox/TRUNKROOM/sample-clothes-image/122_5983810_500.jpg
123,6306553,청/데님 팬츠 50,메종미네드,maisonmined,https://www.musinsa.com/products/6306553,https://image.msscdn.net/images/goods_img/20260414/6306553/6306553_17761424758501_500.jpg,35000,35000,0,109,A+등급,True,/Users/yoon/Library/CloudStorage/Dropbox/TRUNKROOM/sample-clothes-image/123_6306553_500.jpg
124,5985739,숏팬츠 S,미나브,minav,https://www.musinsa.com/products/5985739,https://image.msscdn.net/images/goods_img/20260205/5985739/5985739_17702703289225_500.jpg,10200,17000,40,109,A등급,True,/Users/yoon/Library/CloudStorage/Dropbox/TRUNKROOM/sample-clothes-image/124_5985739_500.jpg
125,5985129,청/데님 팬츠 76/92,리바이스,levis,https://www.musinsa.com/products/5985129,https://image.msscdn.net/images/goods_img/20260205/5985129/5985129_17702667686494_500.jpg,48000,80000,40,109,S등급,True,/Users/yoon/Library/CloudStorage/Dropbox/TRUNKROOM/sample-clothes-image/125_5985129_500.jpg
126,5981928,트레이닝 재킷 L,엔디와이,nerdy,https://www.musinsa.com/products/5981928,https://image.msscdn.net/images/goods_img/20260204/5981928/5981928_17701918813145_500.jpg,22200,37000,40,109,A+등급,True,/Users/yoon/Library/CloudStorage/Dropbox/TRUNKROOM/sample-clothes-image/126_5981928_500.jpg
127,6253445,베스트 XL,유니클로,uniqlo_used,https://www.musinsa.com/products/6253445,https://image.msscdn.net/images/goods_img/20260403/6253445/6253445_17751968567324_500.jpg,18000,20000,10,109,S등급,True,/Users/yoon/Library/CloudStorage/Dropbox/TRUNKROOM/sample-clothes-image/127_6253445_500.jpg
128,5983920,청/데님 팬츠 M,알에스씨,rsc,https://www.musinsa.com/products/5983920,https://image.msscdn.net/images/goods_img/20260205/5983920/5983920_17702555034351_500.jpg,14400,24000,40,109,A등급,True,/Users/yoon/Library/CloudStorage/Dropbox/TRUNKROOM/sample-clothes-image/128_5983920_500.jpg
129,6128180,반소매 티셔츠 S,베이프,bape,https://www.musinsa.com/products/6128180,https://image.msscdn.net/images/goods_img/20260313/6128180/6128180_17733691143663_500.jpg,64000,80000,20,109,A등급,True,/Users/yoon/Library/CloudStorage/Dropbox/TRUNKROOM/sample-clothes-image/129_6128180_500.jpg
130,6033385,윈드브레이커 - 블랙 / HR3322 M,아디다스,adidas,https://www.musinsa.com/products/6033385,https://image.msscdn.net/images/goods_img/20260220/6033385/6033385_17715506843517_500.jpg,45430,139000,67,109,A+등급,True,/Users/yoon/Library/CloudStorage/Dropbox/TRUNKROOM/sample-clothes-image/130_6033385_500.jpg
131,5898235,캐주얼 셔츠 S,아웃스탠딩,outstanding,https://www.musinsa.com/products/5898235,https://image.msscdn.net/images/goods_img/20260115/5898235/5898235_17684524863103_500.jpg,20000,40000,50,109,A등급,True,/Users/yoon/Library/CloudStorage/Dropbox/TRUNKROOM/sample-clothes-image/131_5898235_500.jpg
132,6085393,반소매 티셔츠 L,스톤아일랜드,stoneisland,https://www.musinsa.com/products/6085393,https://image.msscdn.net/images/goods_img/20260305/6085393/6085393_17726895089265_500.jpg,87600,109500,20,109,A등급,True,/Users/yoon/Library/CloudStorage/Dropbox/TRUNKROOM/sample-clothes-image/132_6085393_500.jpg
133,5946159,(U) 테일러드 플랩 포켓 셔츠 블랙 TAILORED FLAP POCKET SHIRT BLACK XL,032씨,032c,https://www.musinsa.com/products/5946159,https://image.msscdn.net/images/goods_img/20260128/5946159/5946159_17695625513142_500.jpg,275400,910000,70,109,A+등급,True,/Users/yoon/Library/CloudStorage/Dropbox/TRUNKROOM/sample-clothes-image/133_5946159_500.jpg
134,5980478,캐주얼 셔츠 M,위캔더스,wkndrs,https://www.musinsa.com/products/5980478,https://image.msscdn.net/images/goods_img/20260204/5980478/5980478_17701843812125_500.jpg,12000,20000,40,109,A+등급,True,/Users/yoon/Library/CloudStorage/Dropbox/TRUNKROOM/sample-clothes-image/134_5980478_500.jpg
135,6080743,기타 상의 S,쓰리타임즈,threetimes,https://www.musinsa.com/products/6080743,https://image.msscdn.net/images/goods_img/20260304/6080743/6080743_17726122178716_500.jpg,31200,39000,20,109,A+등급,True,/Users/yoon/Library/CloudStorage/Dropbox/TRUNKROOM/sample-clothes-image/135_6080743_500.jpg
136,5975873,캐주얼 셔츠 2,칸코,kanco,https://www.musinsa.com/products/5975873,https://image.msscdn.net/images/goods_img/20260203/5975873/5975873_17701053179507_500.jpg,12000,20000,40,109,A+등급,True,/Users/yoon/Library/CloudStorage/Dropbox/TRUNKROOM/sample-clothes-image/136_5975873_500.jpg
137,6191885,반소매 티셔츠 S,쓰리타임즈,threetimes,https://www.musinsa.com/products/6191885,https://image.msscdn.net/images/goods_img/20260325/6191885/6191885_17744074796468_500.jpg,44100,49000,10,109,S+등급,True,/Users/yoon/Library/CloudStorage/Dropbox/TRUNKROOM/sample-clothes-image/137_6191885_500.jpg
138,6314334,청/데님 팬츠 XL,토피,toffee,https://www.musinsa.com/products/6314334,https://image.msscdn.net/images/goods_img/20260415/6314334/6314334_17762307862454_500.jpg,12000,12000,0,109,A+등급,True,/Users/yoon/Library/CloudStorage/Dropbox/TRUNKROOM/sample-clothes-image/138_6314334_500.jpg
139,6168268,후드 티셔츠 XL,아이앱 스튜디오,iabstudio,https://www.musinsa.com/products/6168268,https://image.msscdn.net/images/goods_img/20260320/6168268/6168268_17739838666354_500.jpg,161100,179000,10,109,A등급,True,/Users/yoon/Library/CloudStorage/Dropbox/TRUNKROOM/sample-clothes-image/139_6168268_500.jpg
140,6310314,청/데님 팬츠 81,유니클로,uniqlo_used,https://www.musinsa.com/products/6310314,https://image.msscdn.net/images/goods_img/20260414/6310314/6310314_17761654910178_500.jpg,10000,10000,0,109,A등급,True,/Users/yoon/Library/CloudStorage/Dropbox/TRUNKROOM/sample-clothes-image/140_6310314_500.jpg
141,6306917,캐주얼 셔츠 M,유니클로,uniqlo_used,https://www.musinsa.com/products/6306917,https://image.msscdn.net/images/goods_img/20260414/6306917/6306917_17761447658134_500.jpg,30000,30000,0,109,S+등급,True,/Users/yoon/Library/CloudStorage/Dropbox/TRUNKROOM/sample-clothes-image/141_6306917_500.jpg
142,6283738,반소매 티셔츠 M,자바나스,zavanas,https://www.musinsa.com/products/6283738,https://image.msscdn.net/images/goods_img/20260409/6283738/6283738_17757122441505_500.jpg,14000,14000,0,109,A+등급,True,/Users/yoon/Library/CloudStorage/Dropbox/TRUNKROOM/sample-clothes-image/142_6283738_500.jpg
143,6061179,디스트로이드 데님 팬츠 - 블랙 2,인스턴트펑크,instantfunk,https://www.musinsa.com/products/6061179,https://image.msscdn.net/images/goods_img/20260226/6061179/6061179_17720907146420_500.jpg,30880,138000,78,109,B등급,True,/Users/yoon/Library/CloudStorage/Dropbox/TRUNKROOM/sample-clothes-image/143_6061179_500.jpg
144,6298764,코튼 팬츠 88,유니클로,uniqlo_used,https://www.musinsa.com/products/6298764,https://image.msscdn.net/images/goods_img/20260413/6298764/6298764_17760551295499_500.jpg,25000,25000,0,109,B등급,True,/Users/yoon/Library/CloudStorage/Dropbox/TRUNKROOM/sample-clothes-image/144_6298764_500.jpg
145,5880286,블라우스 40,메종 마르지엘라,maisonmargiela,https://www.musinsa.com/products/5880286,https://image.msscdn.net/images/goods_img/20260109/5880286/5880286_17679234763812_500.jpg,90000,180000,50,109,A+등급,True,/Users/yoon/Library/CloudStorage/Dropbox/TRUNKROOM/sample-clothes-image/145_5880286_500.jpg
146,6264492,트레이닝 재킷 S,아디다스,adidas,https://www.musinsa.com/products/6264492,https://image.msscdn.net/images/goods_img/20260406/6264492/6264492_17754800449457_500.jpg,28800,32000,10,109,A+등급,True,/Users/yoon/Library/CloudStorage/Dropbox/TRUNKROOM/sample-clothes-image/146_6264492_500.jpg
147,6264362,반소매 티셔츠 XS,게스,guess,https://www.musinsa.com/products/6264362,https://image.msscdn.net/images/goods_img/20260406/6264362/6264362_17754771679717_500.jpg,13500,15000,10,109,A등급,True,/Users/yoon/Library/CloudStorage/Dropbox/TRUNKROOM/sample-clothes-image/147_6264362_500.jpg
148,6304538,카디건 L,블론드나인,blond9,https://www.musinsa.com/products/6304538,https://image.msscdn.net/images/goods_img/20260414/6304538/6304538_17761297463338_500.jpg,17800,17800,0,109,A+등급,True,/Users/yoon/Library/CloudStorage/Dropbox/TRUNKROOM/sample-clothes-image/148_6304538_500.jpg
149,6098094,맨투맨/스웨트셔츠 A2,아더에러,adererror_used,https://www.musinsa.com/products/6098094,https://image.msscdn.net/images/goods_img/20260309/6098094/6098094_17730244952533_500.jpg,116000,145000,20,109,A+등급,True,/Users/yoon/Library/CloudStorage/Dropbox/TRUNKROOM/sample-clothes-image/149_6098094_500.jpg
150,5985116,카디건,포에토,foeto,https://www.musinsa.com/products/5985116,https://image.msscdn.net/images/goods_img/20260205/5985116/5985116_17702666410230_500.jpg,60000,100000,40,109,A+등급,True,/Users/yoon/Library/CloudStorage/Dropbox/TRUNKROOM/sample-clothes-image/150_5985116_500.jpg
151,6074752,블라우스 M,아이토브 서울,itov,https://www.musinsa.com/products/6074752,https://image.msscdn.net/images/goods_img/20260303/6074752/6074752_17727601950324_500.jpg,40000,40000,0,109,A+등급,True,/Users/yoon/Library/CloudStorage/Dropbox/TRUNKROOM/sample-clothes-image/151_6074752_500.jpg
152,6306414,코튼 팬츠 M,더블유브이프로젝트,wvproject,https://www.musinsa.com/products/6306414,https://image.msscdn.net/images/goods_img/20260414/6306414/6306414_17761419032009_500.jpg,19000,19000,0,109,A+등급,True,/Users/yoon/Library/CloudStorage/Dropbox/TRUNKROOM/sample-clothes-image/152_6306414_500.jpg
153,6314323,청/데님 팬츠 XL,넌블랭크,nonblank,https://www.musinsa.com/products/6314323,https://image.msscdn.net/images/goods_img/20260415/6314323/6314323_17762307297030_500.jpg,28000,28000,0,109,A+등급,True,/Users/yoon/Library/CloudStorage/Dropbox/TRUNKROOM/sample-clothes-image/153_6314323_500.jpg
154,6299054,맨투맨/스웨트셔츠 XXL,자바나스,zavanas,https://www.musinsa.com/products/6299054,https://image.msscdn.net/images/goods_img/20260413/6299054/6299054_17760565532501_500.jpg,15000,15000,0,109,S등급,True,/Users/yoon/Library/CloudStorage/Dropbox/TRUNKROOM/sample-clothes-image/154_6299054_500.jpg
155,6242225,반소매 티셔츠 XL,엔비에이,nba,https://www.musinsa.com/products/6242225,https://image.msscdn.net/images/goods_img/20260402/6242225/6242225_17750965903953_500.jpg,24210,26900,10,109,S등급,True,/Users/yoon/Library/CloudStorage/Dropbox/TRUNKROOM/sample-clothes-image/155_6242225_500.jpg
156,6304293,맨투맨/스웨트셔츠 M,엔디와이,nerdy,https://www.musinsa.com/products/6304293,https://image.msscdn.net/images/goods_img/20260414/6304293/6304293_17761283791310_500.jpg,20000,20000,0,109,A등급,True,/Users/yoon/Library/CloudStorage/Dropbox/TRUNKROOM/sample-clothes-image/156_6304293_500.jpg
157,5881128,베스트 XL,디스이즈네버댓,thisisneverthat,https://www.musinsa.com/products/5881128,https://image.msscdn.net/images/goods_img/20260109/5881128/5881128_17683830026656_500.jpg,18700,37400,50,109,A등급,True,/Users/yoon/Library/CloudStorage/Dropbox/TRUNKROOM/sample-clothes-image/157_5881128_500.jpg
158,6278770,숏팬츠 29,칼하트WIP,carharttwip,https://www.musinsa.com/products/6278770,https://image.msscdn.net/images/goods_img/20260408/6278770/6278770_17756372929193_500.jpg,26900,26900,0,109,A+등급,True,/Users/yoon/Library/CloudStorage/Dropbox/TRUNKROOM/sample-clothes-image/158_6278770_500.jpg
159,6141936,반소매 티셔츠 M,캘빈클라인 진,calvinkleinjeans,https://www.musinsa.com/products/6141936,https://image.msscdn.net/images/goods_img/20260317/6141936/6141936_17737075628036_500.jpg,10800,12000,10,109,A등급,True,/Users/yoon/Library/CloudStorage/Dropbox/TRUNKROOM/sample-clothes-image/159_6141936_500.jpg
160,6297980,맨투맨/스웨트셔츠 XXL,자바나스,zavanas,https://www.musinsa.com/products/6297980,https://image.msscdn.net/images/goods_img/20260413/6297980/6297980_17760487014970_500.jpg,14000,14000,0,109,A+등급,True,/Users/yoon/Library/CloudStorage/Dropbox/TRUNKROOM/sample-clothes-image/160_6297980_500.jpg
161,6311025,반소매 티셔츠 M,자바나스,zavanas,https://www.musinsa.com/products/6311025,https://image.msscdn.net/images/goods_img/20260415/6311025/6311025_17761812153388_500.jpg,25000,25000,0,109,B등급,True,/Users/yoon/Library/CloudStorage/Dropbox/TRUNKROOM/sample-clothes-image/161_6311025_500.jpg
162,6242140,트레이닝 재킷 L,아디다스,adidas,https://www.musinsa.com/products/6242140,https://image.msscdn.net/images/goods_img/20260402/6242140/6242140_17750961115653_500.jpg,22500,25000,10,109,B등급,True,/Users/yoon/Library/CloudStorage/Dropbox/TRUNKROOM/sample-clothes-image/162_6242140_500.jpg
163,6314100,청/데님 팬츠 34,브랜디드,branded,https://www.musinsa.com/products/6314100,https://image.msscdn.net/images/goods_img/20260415/6314100/6314100_17762298409127_500.jpg,30000,30000,0,109,A+등급,True,/Users/yoon/Library/CloudStorage/Dropbox/TRUNKROOM/sample-clothes-image/163_6314100_500.jpg
164,6240604,항공 점퍼/블루종/MA-1 L,커버낫,covernat,https://www.musinsa.com/products/6240604,https://image.msscdn.net/images/goods_img/20260401/6240604/6240604_17750523210138_500.jpg,22500,25000,10,109,B등급,True,/Users/yoon/Library/CloudStorage/Dropbox/TRUNKROOM/sample-clothes-image/164_6240604_500.jpg
165,6278860,캐주얼 셔츠 M,타미힐피거,tommyhilfiger,https://www.musinsa.com/products/6278860,https://image.msscdn.net/images/goods_img/20260408/6278860/6278860_17756378130843_500.jpg,35900,35900,0,109,B등급,True,/Users/yoon/Library/CloudStorage/Dropbox/TRUNKROOM/sample-clothes-image/165_6278860_500.jpg
166,6279988,반소매 티셔츠 90,산산기어,sansangear,https://www.musinsa.com/products/6279988,https://image.msscdn.net/images/goods_img/20260408/6279988/6279988_17756522509190_500.jpg,35000,35000,0,109,A+등급,True,/Users/yoon/Library/CloudStorage/Dropbox/TRUNKROOM/sample-clothes-image/166_6279988_500.jpg
167,6314144,슈트/블레이저 재킷 XL,유니클로,uniqlo_used,https://www.musinsa.com/products/6314144,https://image.msscdn.net/images/goods_img/20260415/6314144/6314144_17762300513709_500.jpg,25000,25000,0,109,A+등급,True,/Users/yoon/Library/CloudStorage/Dropbox/TRUNKROOM/sample-clothes-image/167_6314144_500.jpg
168,6268745,반소매 티셔츠 XL,아이앱 스튜디오,iabstudio,https://www.musinsa.com/products/6268745,https://image.msscdn.net/images/goods_img/20260407/6268745/6268745_17755382352125_500.jpg,50000,50000,0,109,A+등급,True,/Users/yoon/Library/CloudStorage/Dropbox/TRUNKROOM/sample-clothes-image/168_6268745_500.jpg
169,6083009,캐주얼 셔츠 M,코스,cos_used,https://www.musinsa.com/products/6083009,https://image.msscdn.net/images/goods_img/20260305/6083009/6083009_17726748569584_500.jpg,40000,50000,20,109,A+등급,True,/Users/yoon/Library/CloudStorage/Dropbox/TRUNKROOM/sample-clothes-image/169_6083009_500.jpg
170,5823315,청/데님 팬츠 34,칼하트,carhartt,https://www.musinsa.com/products/5823315,https://image.msscdn.net/images/goods_img/20251211/5823315/5823315_17746005026392_500.jpg,70000,100000,30,109,A+등급,True,/Users/yoon/Library/CloudStorage/Dropbox/TRUNKROOM/sample-clothes-image/170_5823315_500.jpg
171,6260275,카디건,노컨텐츠,nocontent,https://www.musinsa.com/products/6260275,https://image.msscdn.net/images/goods_img/20260406/6260275/6260275_17754544341390_500.jpg,36000,40000,10,109,B등급,True,/Users/yoon/Library/CloudStorage/Dropbox/TRUNKROOM/sample-clothes-image/171_6260275_500.jpg
172,6313384,맨투맨/스웨트셔츠 S,겐조,kenzo,https://www.musinsa.com/products/6313384,https://image.msscdn.net/images/goods_img/20260415/6313384/6313384_17762233570160_500.jpg,50000,50000,0,109,A+등급,True,/Users/yoon/Library/CloudStorage/Dropbox/TRUNKROOM/sample-clothes-image/172_6313384_500.jpg
173,6264588,반소매 티셔츠 M,예스아이씨,yeseyesee,https://www.musinsa.com/products/6264588,https://image.msscdn.net/images/goods_img/20260406/6264588/6264588_17754829083253_500.jpg,29700,33000,10,109,B등급,True,/Users/yoon/Library/CloudStorage/Dropbox/TRUNKROOM/sample-clothes-image/173_6264588_500.jpg
174,6283709,반소매 티셔츠 M,자바나스,zavanas,https://www.musinsa.com/products/6283709,https://image.msscdn.net/images/goods_img/20260409/6283709/6283709_17757120727862_500.jpg,14000,14000,0,109,A+등급,True,/Users/yoon/Library/CloudStorage/Dropbox/TRUNKROOM/sample-clothes-image/174_6283709_500.jpg
175,6252913,캐주얼 셔츠 FREE,시엔느,sienne,https://www.musinsa.com/products/6252913,https://image.msscdn.net/images/goods_img/20260403/6252913/6252913_17751944385606_500.jpg,45000,50000,10,109,A+등급,True,/Users/yoon/Library/CloudStorage/Dropbox/TRUNKROOM/sample-clothes-image/175_6252913_500.jpg
176,6311021,반소매 티셔츠 M,자바나스,zavanas,https://www.musinsa.com/products/6311021,https://image.msscdn.net/images/goods_img/20260415/6311021/6311021_17761811236262_500.jpg,15000,15000,0,109,S등급,True,/Users/yoon/Library/CloudStorage/Dropbox/TRUNKROOM/sample-clothes-image/176_6311021_500.jpg
177,6258773,반소매 티셔츠 L,유니클로 x JW 앤더슨,uniqloxjwanderson,https://www.musinsa.com/products/6258773,https://image.msscdn.net/images/goods_img/20260406/6258773/6258773_17754452291395_500.jpg,24000,24000,0,109,B등급,True,/Users/yoon/Library/CloudStorage/Dropbox/TRUNKROOM/sample-clothes-image/177_6258773_500.jpg
178,6302385,후드 티셔츠 XS,메종 키츠네,maisonkitsune,https://www.musinsa.com/products/6302385,https://image.msscdn.net/images/goods_img/20260413/6302385/6302385_17760739688551_500.jpg,99000,99000,0,109,A+등급,True,/Users/yoon/Library/CloudStorage/Dropbox/TRUNKROOM/sample-clothes-image/178_6302385_500.jpg
179,6313924,조거 팬츠 XL,토피,toffee,https://www.musinsa.com/products/6313924,https://image.msscdn.net/images/goods_img/20260415/6313924/6313924_17762288392099_500.jpg,14000,14000,0,109,A+등급,True,/Users/yoon/Library/CloudStorage/Dropbox/TRUNKROOM/sample-clothes-image/179_6313924_500.jpg
180,6302799,반소매 티셔츠 L,로어즈,lores,https://www.musinsa.com/products/6302799,https://image.msscdn.net/images/goods_img/20260413/6302799/6302799_17760804936994_500.jpg,14000,14000,0,109,A+등급,True,/Users/yoon/Library/CloudStorage/Dropbox/TRUNKROOM/sample-clothes-image/180_6302799_500.jpg
181,6258764,헨리넥골지티셔츠 J1TS020M 85,쥬시쥬디,jucyjudy,https://www.musinsa.com/products/6258764,https://image.msscdn.net/images/goods_img/20260406/6258764/6258764_17754451495543_500.jpg,10800,79000,86,109,A등급,True,/Users/yoon/Library/CloudStorage/Dropbox/TRUNKROOM/sample-clothes-image/181_6258764_500.jpg
182,6262000,카디건 160/170,마가린핑거스,margarinfingers,https://www.musinsa.com/products/6262000,https://image.msscdn.net/images/goods_img/20260406/6262000/6262000_17754614871347_500.jpg,38250,42500,10,109,A+등급,True,/Users/yoon/Library/CloudStorage/Dropbox/TRUNKROOM/sample-clothes-image/182_6262000_500.jpg
183,5846604,RIBBON DETAIL TOP_TT2S202IV FF,더티스,thetis,https://www.musinsa.com/products/5846604,https://image.msscdn.net/images/goods_img/20251222/5846604/5846604_17664038413301_500.jpg,61320,219000,72,109,A+등급,True,/Users/yoon/Library/CloudStorage/Dropbox/TRUNKROOM/sample-clothes-image/183_5846604_500.jpg
184,5985671,반소매 티셔츠 L,스컬프터,sculptor,https://www.musinsa.com/products/5985671,https://image.msscdn.net/images/goods_img/20260205/5985671/5985671_17702698908780_500.jpg,12000,20000,40,109,A등급,True,/Users/yoon/Library/CloudStorage/Dropbox/TRUNKROOM/sample-clothes-image/184_5985671_500.jpg
185,6261328,반소매 티셔츠 FREE,디어스토커,dearstalker,https://www.musinsa.com/products/6261328,https://image.msscdn.net/images/goods_img/20260406/6261328/6261328_17754588912437_500.jpg,15300,17000,10,109,S+등급,True,/Users/yoon/Library/CloudStorage/Dropbox/TRUNKROOM/sample-clothes-image/185_6261328_500.jpg
186,6114592,블라우스 FREE,아틀리에 나인,nain,https://www.musinsa.com/products/6114592,https://image.msscdn.net/images/goods_img/20260311/6114592/6114592_17732056904275_500.jpg,15200,19000,20,109,A+등급,True,/Users/yoon/Library/CloudStorage/Dropbox/TRUNKROOM/sample-clothes-image/186_6114592_500.jpg
187,5884416,청/데님 팬츠 29,캘빈클라인 진,calvinkleinjeans,https://www.musinsa.com/products/5884416,https://image.msscdn.net/images/goods_img/20260112/5884416/5884416_17684420294159_500.jpg,25200,28000,10,109,B등급,True,/Users/yoon/Library/CloudStorage/Dropbox/TRUNKROOM/sample-clothes-image/187_5884416_500.jpg
188,6264986,긴소매 티셔츠 L,에잇세컨즈,8seconds,https://www.musinsa.com/products/6264986,https://image.msscdn.net/images/goods_img/20260407/6264986/6264986_17754926767207_500.jpg,10800,12000,10,109,S+등급,True,/Users/yoon/Library/CloudStorage/Dropbox/TRUNKROOM/sample-clothes-image/188_6264986_500.jpg
189,6261349,긴소매 티셔츠 M,라코스테,lacoste1,https://www.musinsa.com/products/6261349,https://image.msscdn.net/images/goods_img/20260406/6261349/6261349_17754590290090_500.jpg,27000,30000,10,109,A+등급,True,/Users/yoon/Library/CloudStorage/Dropbox/TRUNKROOM/sample-clothes-image/189_6261349_500.jpg
190,6255922,반소매 티셔츠 M,스컬프터,sculptor,https://www.musinsa.com/products/6255922,https://image.msscdn.net/images/goods_img/20260403/6255922/6255922_17752148394956_500.jpg,21600,24000,10,109,S등급,True,/Users/yoon/Library/CloudStorage/Dropbox/TRUNKROOM/sample-clothes-image/190_6255922_500.jpg
191,6278626,베스트 105,라코스테,lacoste1,https://www.musinsa.com/products/6278626,https://image.msscdn.net/images/goods_img/20260408/6278626/6278626_17756366126186_500.jpg,44900,44900,0,109,A+등급,True,/Users/yoon/Library/CloudStorage/Dropbox/TRUNKROOM/sample-clothes-image/191_6278626_500.jpg
192,6248767,반소매 티셔츠 M,아이앱 스튜디오,iabstudio,https://www.musinsa.com/products/6248767,https://image.msscdn.net/images/goods_img/20260402/6248767/6248767_17751415199665_500.jpg,117000,130000,10,109,A등급,True,/Users/yoon/Library/CloudStorage/Dropbox/TRUNKROOM/sample-clothes-image/192_6248767_500.jpg
193,6094924,슈트/블레이저 재킷 50,캘빈클라인,calvinklein,https://www.musinsa.com/products/6094924,https://image.msscdn.net/images/goods_img/20260306/6094924/6094924_17727842595764_500.jpg,53900,53900,0,109,A+등급,True,/Users/yoon/Library/CloudStorage/Dropbox/TRUNKROOM/sample-clothes-image/193_6094924_500.jpg
194,6257769,반소매 티셔츠,론론,ronron,https://www.musinsa.com/products/6257769,https://image.msscdn.net/images/goods_img/20260406/6257769/6257769_17754375987664_500.jpg,10800,12000,10,109,A등급,True,/Users/yoon/Library/CloudStorage/Dropbox/TRUNKROOM/sample-clothes-image/194_6257769_500.jpg
195,6090515,블라우스 36,럭키슈에뜨,luckychouette,https://www.musinsa.com/products/6090515,https://image.msscdn.net/images/goods_img/20260306/6090515/6090515_17727601757249_500.jpg,35900,35900,0,109,A+등급,True,/Users/yoon/Library/CloudStorage/Dropbox/TRUNKROOM/sample-clothes-image/195_6090515_500.jpg
196,5851337,기타 바지 L,아디다스,adidas,https://www.musinsa.com/products/5851337,https://image.msscdn.net/images/goods_img/20251224/5851337/5851337_17665055298403_500.jpg,75000,75000,0,109,S+등급,True,/Users/yoon/Library/CloudStorage/Dropbox/TRUNKROOM/sample-clothes-image/196_5851337_500.jpg
197,6252962,캐주얼 셔츠 M,오픈 와이와이,openyy,https://www.musinsa.com/products/6252962,https://image.msscdn.net/images/goods_img/20260403/6252962/6252962_17751946280885_500.jpg,72000,80000,10,109,A+등급,True,/Users/yoon/Library/CloudStorage/Dropbox/TRUNKROOM/sample-clothes-image/197_6252962_500.jpg
198,6228240,반소매 티셔츠,오데스,ordes,https://www.musinsa.com/products/6228240,https://image.msscdn.net/images/goods_img/20260331/6228240/6228240_17749397375314_500.jpg,12600,14000,10,109,A+등급,True,/Users/yoon/Library/CloudStorage/Dropbox/TRUNKROOM/sample-clothes-image/198_6228240_500.jpg
199,5887578,청/데님 팬츠 27,플랙,plac,https://www.musinsa.com/products/5887578,https://image.msscdn.net/images/goods_img/20260113/5887578/5887578_17685467333923_500.jpg,9000,16000,44,109,S+등급,True,/Users/yoon/Library/CloudStorage/Dropbox/TRUNKROOM/sample-clothes-image/199_5887578_500.jpg
200,6298302,니트/스웨터 M,자바나스,zavanas,https://www.musinsa.com/products/6298302,https://image.msscdn.net/images/goods_img/20260413/6298302/6298302_17760499767987_500.jpg,14000,14000,0,109,A+등급,True,/Users/yoon/Library/CloudStorage/Dropbox/TRUNKROOM/sample-clothes-image/200_6298302_500.jpg
201,6197990,청/데님 팬츠 32,브랜디드,branded,https://www.musinsa.com/products/6197990,https://image.msscdn.net/images/goods_img/20260326/6197990/6197990_17744577802869_500.jpg,30000,30000,0,109,A+등급,True,/Users/yoon/Library/CloudStorage/Dropbox/TRUNKROOM/sample-clothes-image/201_6197990_500.jpg
202,5873760,숏팬츠 2,오도어,odor,https://www.musinsa.com/products/5873760,https://image.msscdn.net/images/goods_img/20260107/5873760/5873760_17677547837711_500.jpg,37000,37000,0,109,S+등급,True,/Users/yoon/Library/CloudStorage/Dropbox/TRUNKROOM/sample-clothes-image/202_5873760_500.jpg
203,6090480,블라우스,마인,mine_used,https://www.musinsa.com/products/6090480,https://image.msscdn.net/images/goods_img/20260306/6090480/6090480_17727599925002_500.jpg,44900,44900,0,109,A+등급,True,/Users/yoon/Library/CloudStorage/Dropbox/TRUNKROOM/sample-clothes-image/203_6090480_500.jpg
204,6297962,맨투맨/스웨트셔츠 XXL,자바나스,zavanas,https://www.musinsa.com/products/6297962,https://image.msscdn.net/images/goods_img/20260413/6297962/6297962_17760486271876_500.jpg,12000,12000,0,109,A등급,True,/Users/yoon/Library/CloudStorage/Dropbox/TRUNKROOM/sample-clothes-image/204_6297962_500.jpg
205,5974201,트레이닝 재킷 85,아디다스,adidas,https://www.musinsa.com/products/5974201,https://image.msscdn.net/images/goods_img/20260203/5974201/5974201_17700977534321_500.jpg,21000,35000,40,109,A+등급,True,/Users/yoon/Library/CloudStorage/Dropbox/TRUNKROOM/sample-clothes-image/205_5974201_500.jpg
206,6308305,기타 바지 S,유니클로,uniqlo_used,https://www.musinsa.com/products/6308305,https://image.msscdn.net/images/goods_img/20260414/6308305/6308305_17761512041463_500.jpg,10900,10900,0,109,A+등급,True,/Users/yoon/Library/CloudStorage/Dropbox/TRUNKROOM/sample-clothes-image/206_6308305_500.jpg
207,6301784,맨투맨/스웨트셔츠 M,메종 키츠네,maisonkitsune,https://www.musinsa.com/products/6301784,https://image.msscdn.net/images/goods_img/20260413/6301784/6301784_17760684104286_500.jpg,62500,62500,0,109,A+등급,True,/Users/yoon/Library/CloudStorage/Dropbox/TRUNKROOM/sample-clothes-image/207_6301784_500.jpg
208,6136061,카디건 S,위크엔드 막스마라,weekendmaxmara,https://www.musinsa.com/products/6136061,https://image.msscdn.net/images/goods_img/20260316/6136061/6136061_17736290104791_500.jpg,67200,84000,20,109,A+등급,True,/Users/yoon/Library/CloudStorage/Dropbox/TRUNKROOM/sample-clothes-image/208_6136061_500.jpg
209,6104503,후드 티셔츠 L,슈프림,supreme,https://www.musinsa.com/products/6104503,https://image.msscdn.net/images/goods_img/20260310/6104503/6104503_17731064937137_500.jpg,200000,250000,20,109,A등급,True,/Users/yoon/Library/CloudStorage/Dropbox/TRUNKROOM/sample-clothes-image/209_6104503_500.jpg
210,6097474,긴소매 티셔츠,세릭,cerric,https://www.musinsa.com/products/6097474,https://image.msscdn.net/images/goods_img/20260309/6097474/6097474_17730210669722_500.jpg,13600,17000,20,109,S+등급,True,/Users/yoon/Library/CloudStorage/Dropbox/TRUNKROOM/sample-clothes-image/210_6097474_500.jpg
211,5903646,미니스커트 S,팬시클럽,nastyfancyclub,https://www.musinsa.com/products/5903646,https://image.msscdn.net/images/goods_img/20260116/5903646/5903646_17685417886627_500.jpg,15000,30000,50,109,A+등급,True,/Users/yoon/Library/CloudStorage/Dropbox/TRUNKROOM/sample-clothes-image/211_5903646_500.jpg
212,5895728,청/데님 팬츠 S,판도라핏,pandorafit,https://www.musinsa.com/products/5895728,https://image.msscdn.net/images/goods_img/20260114/5895728/5895728_17683805212746_500.jpg,9500,19000,50,109,A+등급,True,/Users/yoon/Library/CloudStorage/Dropbox/TRUNKROOM/sample-clothes-image/212_5895728_500.jpg
213,6262413,블라우스 00,루에브르,loeuvre,https://www.musinsa.com/products/6262413,https://image.msscdn.net/images/goods_img/20260406/6262413/6262413_17754628699414_500.jpg,27000,30000,10,109,A+등급,True,/Users/yoon/Library/CloudStorage/Dropbox/TRUNKROOM/sample-clothes-image/213_6262413_500.jpg
214,6254365,반소매 티셔츠 XS,마조네,majournee,https://www.musinsa.com/products/6254365,https://image.msscdn.net/images/goods_img/20260403/6254365/6254365_17752011894915_500.jpg,27000,30000,10,109,B등급,True,/Users/yoon/Library/CloudStorage/Dropbox/TRUNKROOM/sample-clothes-image/214_6254365_500.jpg
215,6224622,블라우스 S,시에,sie,https://www.musinsa.com/products/6224622,https://image.msscdn.net/images/goods_img/20260331/6224622/6224622_17749204062316_500.jpg,35100,39000,10,109,A등급,True,/Users/yoon/Library/CloudStorage/Dropbox/TRUNKROOM/sample-clothes-image/215_6224622_500.jpg
216,6181093,Line pocket cargo pants CHARCOAL 3,미세키서울,misekiseoul,https://www.musinsa.com/products/6181093,https://image.msscdn.net/images/goods_img/20260324/6181093/6181093_17743120155359_500.jpg,70560,168000,58,109,A+등급,True,/Users/yoon/Library/CloudStorage/Dropbox/TRUNKROOM/sample-clothes-image/216_6181093_500.jpg
217,5896794,맥시 원피스 FREE,미미카위,mimicawe,https://www.musinsa.com/products/5896794,https://image.msscdn.net/images/goods_img/20260115/5896794/5896794_17684378464167_500.jpg,14000,28000,50,109,A+등급,True,/Users/yoon/Library/CloudStorage/Dropbox/TRUNKROOM/sample-clothes-image/217_5896794_500.jpg
218,6237314,미니스커트,칙스,chicks,https://www.musinsa.com/products/6237314,https://image.msscdn.net/images/goods_img/20260401/6237314/6237314_17750269077987_500.jpg,9000,10000,10,109,A+등급,True,/Users/yoon/Library/CloudStorage/Dropbox/TRUNKROOM/sample-clothes-image/218_6237314_500.jpg
219,6144922,숏팬츠 S,아베크롬비앤피치,abercrombieandfitch,https://www.musinsa.com/products/6144922,https://image.msscdn.net/images/goods_img/20260317/6144922/6144922_17737232064183_500.jpg,9000,10000,10,109,A+등급,True,/Users/yoon/Library/CloudStorage/Dropbox/TRUNKROOM/sample-clothes-image/219_6144922_500.jpg
220,6084749,기타 상의,블루 블루 재팬,bluebluejapan,https://www.musinsa.com/products/6084749,https://image.msscdn.net/images/goods_img/20260305/6084749/6084749_17726866041853_500.jpg,48000,60000,20,109,A등급,True,/Users/yoon/Library/CloudStorage/Dropbox/TRUNKROOM/sample-clothes-image/220_6084749_500.jpg
221,6302817,니트/스웨터 L,디스이즈네버댓,thisisneverthat,https://www.musinsa.com/products/6302817,https://image.msscdn.net/images/goods_img/20260413/6302817/6302817_17760809321923_500.jpg,40000,40000,0,109,A+등급,True,/Users/yoon/Library/CloudStorage/Dropbox/TRUNKROOM/sample-clothes-image/221_6302817_500.jpg
222,5897939,미디 원피스 FREE,아틀리에 나인,nain,https://www.musinsa.com/products/5897939,https://image.msscdn.net/images/goods_img/20260115/5897939/5897939_17688108459274_500.jpg,22500,45000,50,109,S+등급,True,/Users/yoon/Library/CloudStorage/Dropbox/TRUNKROOM/sample-clothes-image/222_5897939_500.jpg
223,5887547,나시/민소매 티셔츠 M,빔스,beams,https://www.musinsa.com/products/5887547,https://image.msscdn.net/images/goods_img/20260113/5887547/5887547_17682644051368_500.jpg,30600,34000,10,109,A등급,True,/Users/yoon/Library/CloudStorage/Dropbox/TRUNKROOM/sample-clothes-image/223_5887547_500.jpg
224,6245206,맥시 원피스 1,마쥬,maje,https://www.musinsa.com/products/6245206,https://image.msscdn.net/images/goods_img/20260402/6245206/6245206_17751129960731_500.jpg,113310,125900,10,109,A등급,True,/Users/yoon/Library/CloudStorage/Dropbox/TRUNKROOM/sample-clothes-image/224_6245206_500.jpg
225,5897579,청/데님 팬츠 25,리바이스,levis,https://www.musinsa.com/products/5897579,https://image.msscdn.net/images/goods_img/20260115/5897579/5897579_17684435806075_500.jpg,13500,27000,50,109,A+등급,True,/Users/yoon/Library/CloudStorage/Dropbox/TRUNKROOM/sample-clothes-image/225_5897579_500.jpg
226,5894595,맥시 원피스 FREE,모리스커밍홈,morriscominghome,https://www.musinsa.com/products/5894595,https://image.msscdn.net/images/goods_img/20260114/5894595/5894595_17683726445938_500.jpg,14000,28000,50,109,A+등급,True,/Users/yoon/Library/CloudStorage/Dropbox/TRUNKROOM/sample-clothes-image/226_5894595_500.jpg
227,6305123,니트/스웨터 S,디스이즈네버댓,thisisneverthat,https://www.musinsa.com/products/6305123,https://image.msscdn.net/images/goods_img/20260414/6305123/6305123_17761332646397_500.jpg,50000,50000,0,109,A등급,True,/Users/yoon/Library/CloudStorage/Dropbox/TRUNKROOM/sample-clothes-image/227_6305123_500.jpg
228,5981169,브이넥 슬림골지 가디건_MIWCKE330T S,미쏘,mixxo,https://www.musinsa.com/products/5981169,https://image.msscdn.net/images/goods_img/20260204/5981169/5981169_17701881308049_500.jpg,10080,35900,72,109,A+등급,True,/Users/yoon/Library/CloudStorage/Dropbox/TRUNKROOM/sample-clothes-image/228_5981169_500.jpg
229,6253668,나시/민소매 티셔츠 S,인사일런스,insilence,https://www.musinsa.com/products/6253668,https://image.msscdn.net/images/goods_img/20260403/6253668/6253668_17751976177031_500.jpg,27000,30000,10,109,A+등급,True,/Users/yoon/Library/CloudStorage/Dropbox/TRUNKROOM/sample-clothes-image/229_6253668_500.jpg
230,6170574,캐주얼 셔츠 1,포터리,pottery,https://www.musinsa.com/products/6170574,https://image.msscdn.net/images/goods_img/20260320/6170574/6170574_17739938446076_500.jpg,68000,68000,0,109,A+등급,True,/Users/yoon/Library/CloudStorage/Dropbox/TRUNKROOM/sample-clothes-image/230_6170574_500.jpg
231,6261704,긴소매 티셔츠 FREE,러닝하이,runninghigh,https://www.musinsa.com/products/6261704,https://image.msscdn.net/images/goods_img/20260406/6261704/6261704_17754604175563_500.jpg,15750,17500,10,109,A등급,True,/Users/yoon/Library/CloudStorage/Dropbox/TRUNKROOM/sample-clothes-image/231_6261704_500.jpg
232,6307535,캐주얼 셔츠 S,유니클로,uniqlo_used,https://www.musinsa.com/products/6307535,https://image.msscdn.net/images/goods_img/20260414/6307535/6307535_17761474596682_500.jpg,9900,9900,0,109,A등급,True,/Users/yoon/Library/CloudStorage/Dropbox/TRUNKROOM/sample-clothes-image/232_6307535_500.jpg
233,6233468,기타 상의 S,로우클래식,lowclassic,https://www.musinsa.com/products/6233468,https://image.msscdn.net/images/goods_img/20260401/6233468/6233468_17750081203668_500.jpg,13500,15000,10,109,A+등급,True,/Users/yoon/Library/CloudStorage/Dropbox/TRUNKROOM/sample-clothes-image/233_6233468_500.jpg
234,6308269,코튼 팬츠 25,유니클로,uniqlo_used,https://www.musinsa.com/products/6308269,https://image.msscdn.net/images/goods_img/20260414/6308269/6308269_17761510431715_500.jpg,10000,10000,0,109,A+등급,True,/Users/yoon/Library/CloudStorage/Dropbox/TRUNKROOM/sample-clothes-image/234_6308269_500.jpg
235,6297925,니트/스웨터 L,자바나스,zavanas,https://www.musinsa.com/products/6297925,https://image.msscdn.net/images/goods_img/20260413/6297925/6297925_17760485111476_500.jpg,12000,12000,0,109,A등급,True,/Users/yoon/Library/CloudStorage/Dropbox/TRUNKROOM/sample-clothes-image/235_6297925_500.jpg
236,6083683,청/데님 팬츠 30,겐조,kenzo,https://www.musinsa.com/products/6083683,https://image.msscdn.net/images/goods_img/20260305/6083683/6083683_17726783098535_500.jpg,72000,90000,20,109,A+등급,True,/Users/yoon/Library/CloudStorage/Dropbox/TRUNKROOM/sample-clothes-image/236_6083683_500.jpg
237,6080034,숏팬츠 M,꼼데가르송 옴므 플러스,commedesgarconshommeplus,https://www.musinsa.com/products/6080034,https://image.msscdn.net/images/goods_img/20260304/6080034/6080034_17726090821055_500.jpg,240000,300000,20,109,A+등급,True,/Users/yoon/Library/CloudStorage/Dropbox/TRUNKROOM/sample-clothes-image/237_6080034_500.jpg
238,6308207,기타 바지 M,유니클로,uniqlo_used,https://www.musinsa.com/products/6308207,https://image.msscdn.net/images/goods_img/20260414/6308207/6308207_17761508456450_500.jpg,10900,10900,0,109,A+등급,True,/Users/yoon/Library/CloudStorage/Dropbox/TRUNKROOM/sample-clothes-image/238_6308207_500.jpg
239,6253124,미니스커트 FREE,페스토,pesto,https://www.musinsa.com/products/6253124,https://image.msscdn.net/images/goods_img/20260403/6253124/6253124_17751952285592_500.jpg,27000,30000,10,109,A+등급,True,/Users/yoon/Library/CloudStorage/Dropbox/TRUNKROOM/sample-clothes-image/239_6253124_500.jpg
240,6086470,미디 원피스 82/94/155,미샤,michaa_used,https://www.musinsa.com/products/6086470,https://image.msscdn.net/images/goods_img/20260305/6086470/6086470_17726944477227_500.jpg,53900,53900,0,109,A+등급,True,/Users/yoon/Library/CloudStorage/Dropbox/TRUNKROOM/sample-clothes-image/240_6086470_500.jpg
241,6280613,캐주얼 셔츠 M,타미힐피거,tommyhilfiger,https://www.musinsa.com/products/6280613,https://image.msscdn.net/images/goods_img/20260408/6280613/6280613_17756595039225_500.jpg,35900,35900,0,109,A+등급,True,/Users/yoon/Library/CloudStorage/Dropbox/TRUNKROOM/sample-clothes-image/241_6280613_500.jpg
242,6102066,미니스커트 ONE SIZE,마르디 메크르디,mardimercredi,https://www.musinsa.com/products/6102066,https://image.msscdn.net/images/goods_img/20260309/6102066/6102066_17730447030090_500.jpg,56000,70000,20,109,S+등급,True,/Users/yoon/Library/CloudStorage/Dropbox/TRUNKROOM/sample-clothes-image/242_6102066_500.jpg
243,5907826,TWO TUCK NYLON PANTS - VINTAGE RED 100,노매뉴얼,nomanual,https://www.musinsa.com/products/5907826,https://image.msscdn.net/images/goods_img/20260119/5907826/5907826_17687913417548_500.jpg,13500,69000,80,109,A+등급,True,/Users/yoon/Library/CloudStorage/Dropbox/TRUNKROOM/sample-clothes-image/243_5907826_500.jpg
244,6148438,캐주얼 셔츠 1,블랭크룸,blankroom,https://www.musinsa.com/products/6148438,https://image.msscdn.net/images/goods_img/20260317/6148438/6148438_17737367636865_500.jpg,18000,20000,10,109,A+등급,True,/Users/yoon/Library/CloudStorage/Dropbox/TRUNKROOM/sample-clothes-image/244_6148438_500.jpg
245,6263925,트레이닝 팬츠 S,그란데라인,grandeline,https://www.musinsa.com/products/6263925,https://image.msscdn.net/images/goods_img/20260406/6263925/6263925_17754718620473_500.jpg,14400,16000,10,109,A+등급,True,/Users/yoon/Library/CloudStorage/Dropbox/TRUNKROOM/sample-clothes-image/245_6263925_500.jpg
246,5896727,슈트 팬츠/슬랙스 S,로에일,loeil,https://www.musinsa.com/products/5896727,https://image.msscdn.net/images/goods_img/20260115/5896727/5896727_17684374728919_500.jpg,10000,20000,50,109,S등급,True,/Users/yoon/Library/CloudStorage/Dropbox/TRUNKROOM/sample-clothes-image/246_5896727_500.jpg
247,6239955,슈트/블레이저 재킷 S,미쏘,mixxo,https://www.musinsa.com/products/6239955,https://image.msscdn.net/images/goods_img/20260401/6239955/6239955_17750405476692_500.jpg,12510,13900,10,109,A등급,True,/Users/yoon/Library/CloudStorage/Dropbox/TRUNKROOM/sample-clothes-image/247_6239955_500.jpg
248,6236819,반소매 티셔츠 XS,코스,cos_used,https://www.musinsa.com/products/6236819,https://image.msscdn.net/images/goods_img/20260401/6236819/6236819_17750249210367_500.jpg,22500,25000,10,109,B등급,True,/Users/yoon/Library/CloudStorage/Dropbox/TRUNKROOM/sample-clothes-image/248_6236819_500.jpg
249,5984855,청/데님 팬츠 28,미쏘,mixxo,https://www.musinsa.com/products/5984855,https://image.msscdn.net/images/goods_img/20260205/5984855/5984855_17706172937900_500.jpg,9900,16500,40,109,A등급,True,/Users/yoon/Library/CloudStorage/Dropbox/TRUNKROOM/sample-clothes-image/249_5984855_500.jpg
250,6307914,긴소매 티셔츠 FREE,시스템,system_used,https://www.musinsa.com/products/6307914,https://image.msscdn.net/images/goods_img/20260414/6307914/6307914_17761494182750_500.jpg,25000,25000,0,109,B등급,True,/Users/yoon/Library/CloudStorage/Dropbox/TRUNKROOM/sample-clothes-image/250_6307914_500.jpg
251,5959690,미디스커트 64/94,구호,kuho_used,https://www.musinsa.com/products/5959690,https://image.msscdn.net/images/goods_img/20260130/5959690/5959690_17697380644620_500.jpg,18000,30000,40,109,A+등급,True,/Users/yoon/Library/CloudStorage/Dropbox/TRUNKROOM/sample-clothes-image/251_5959690_500.jpg
252,6287913,기타 점퍼/재킷 XL,유니클로,uniqlo_used,https://www.musinsa.com/products/6287913,https://image.msscdn.net/images/goods_img/20260410/6287913/6287913_17757812021459_500.jpg,19000,19000,0,109,A+등급,True,/Users/yoon/Library/CloudStorage/Dropbox/TRUNKROOM/sample-clothes-image/252_6287913_500.jpg
253,5740990,남녀공용 AAR 아노락 홑겹 바람막이 100,데상트,descente,https://www.musinsa.com/products/5740990,https://image.msscdn.net/images/goods_img/20251117/5740990/5740990_17732185214452_500.jpg,41250,199000,79,109,A+등급,True,/Users/yoon/Library/CloudStorage/Dropbox/TRUNKROOM/sample-clothes-image/253_5740990_500.jpg
254,6302793,캐주얼 셔츠 S,디스이즈네버댓,thisisneverthat,https://www.musinsa.com/products/6302793,https://image.msscdn.net/images/goods_img/20260413/6302793/6302793_17760803245049_500.jpg,25000,25000,0,109,A+등급,True,/Users/yoon/Library/CloudStorage/Dropbox/TRUNKROOM/sample-clothes-image/254_6302793_500.jpg
255,6247286,청/데님 팬츠 30,리바이스,levis,https://www.musinsa.com/products/6247286,https://image.msscdn.net/images/goods_img/20260402/6247286/6247286_17751236146495_500.jpg,24300,27000,10,109,A+등급,True,/Users/yoon/Library/CloudStorage/Dropbox/TRUNKROOM/sample-clothes-image/255_6247286_500.jpg
256,5868564,미니 원피스 M,던스트,dunstforwomen,https://www.musinsa.com/products/5868564,https://image.msscdn.net/images/goods_img/20260105/5868564/5868564_17675903104303_500.jpg,32000,40000,20,109,A+등급,True,/Users/yoon/Library/CloudStorage/Dropbox/TRUNKROOM/sample-clothes-image/256_5868564_500.jpg
257,6313816,반소매 티셔츠 S,유니클로,uniqlo_used,https://www.musinsa.com/products/6313816,https://image.msscdn.net/images/goods_img/20260415/6313816/6313816_17762282151329_500.jpg,9900,9900,0,109,A+등급,True,/Users/yoon/Library/CloudStorage/Dropbox/TRUNKROOM/sample-clothes-image/257_6313816_500.jpg
258,6304118,후드 티셔츠 S,디스이즈네버댓,thisisneverthat,https://www.musinsa.com/products/6304118,https://image.msscdn.net/images/goods_img/20260414/6304118/6304118_17761273868124_500.jpg,25000,25000,0,109,B등급,True,/Users/yoon/Library/CloudStorage/Dropbox/TRUNKROOM/sample-clothes-image/258_6304118_500.jpg
259,6228955,맥시 원피스 XS,캘빈클라인 진,calvinkleinjeans,https://www.musinsa.com/products/6228955,https://image.msscdn.net/images/goods_img/20260331/6228955/6228955_17749431965798_500.jpg,25200,28000,10,109,A+등급,True,/Users/yoon/Library/CloudStorage/Dropbox/TRUNKROOM/sample-clothes-image/259_6228955_500.jpg
260,6122184,HEAVY WOOL FLANNEL CHECK JACKET (BEIGE) S,이티씨이,etce,https://www.musinsa.com/products/6122184,https://image.msscdn.net/images/goods_img/20260312/6122184/6122184_17732924302222_500.jpg,41040,198000,79,109,S+등급,True,/Users/yoon/Library/CloudStorage/Dropbox/TRUNKROOM/sample-clothes-image/260_6122184_500.jpg
261,5954566,미디스커트 64,시스템,system_used,https://www.musinsa.com/products/5954566,https://image.msscdn.net/images/goods_img/20260129/5954566/5954566_17696633192067_500.jpg,24000,40000,40,109,A등급,True,/Users/yoon/Library/CloudStorage/Dropbox/TRUNKROOM/sample-clothes-image/261_5954566_500.jpg
262,6214253,코튼 팬츠 EUR 38,코스,cos_used,https://www.musinsa.com/products/6214253,https://image.msscdn.net/images/goods_img/20260327/6214253/6214253_17746058739732_500.jpg,26100,29000,10,109,A+등급,True,/Users/yoon/Library/CloudStorage/Dropbox/TRUNKROOM/sample-clothes-image/262_6214253_500.jpg
263,5868486,항공 점퍼/블루종/MA-1 00,어나더 오피스,anotheroffice,https://www.musinsa.com/products/5868486,https://image.msscdn.net/images/goods_img/20260105/5868486/5868486_17677753556978_500.jpg,125000,250000,50,109,A+등급,True,/Users/yoon/Library/CloudStorage/Dropbox/TRUNKROOM/sample-clothes-image/263_5868486_500.jpg
264,5889428,청/데님 팬츠 36,노이어,noirer,https://www.musinsa.com/products/5889428,https://image.msscdn.net/images/goods_img/20260113/5889428/5889428_17682821810261_500.jpg,52200,58000,10,109,A+등급,True,/Users/yoon/Library/CloudStorage/Dropbox/TRUNKROOM/sample-clothes-image/264_5889428_500.jpg
265,6301880,긴소매 티셔츠 M,유니클로 x JW 앤더슨,uniqloxjwanderson,https://www.musinsa.com/products/6301880,https://image.msscdn.net/images/goods_img/20260413/6301880/6301880_17760689273756_500.jpg,20000,20000,0,109,A+등급,True,/Users/yoon/Library/CloudStorage/Dropbox/TRUNKROOM/sample-clothes-image/265_6301880_500.jpg
266,6249089,청/데님 팬츠 86.5,유니클로,uniqlo_used,https://www.musinsa.com/products/6249089,https://image.msscdn.net/images/goods_img/20260403/6249089/6249089_17751472882960_500.jpg,20700,23000,10,109,A+등급,True,/Users/yoon/Library/CloudStorage/Dropbox/TRUNKROOM/sample-clothes-image/266_6249089_500.jpg
267,6158951,반소매 티셔츠,세릭,cerric,https://www.musinsa.com/products/6158951,https://image.msscdn.net/images/goods_img/20260319/6158951/6158951_17738841269155_500.jpg,35100,39000,10,109,S+등급,True,/Users/yoon/Library/CloudStorage/Dropbox/TRUNKROOM/sample-clothes-image/267_6158951_500.jpg
268,6090880,숏팬츠 61 86,마쥬,maje,https://www.musinsa.com/products/6090880,https://image.msscdn.net/images/goods_img/20260306/6090880/6090880_17727620522087_500.jpg,53900,53900,0,109,A+등급,True,/Users/yoon/Library/CloudStorage/Dropbox/TRUNKROOM/sample-clothes-image/268_6090880_500.jpg
269,6105272,토리노 카고 스트링 치노팬츠 글로시 민트 S,세터,satur,https://www.musinsa.com/products/6105272,https://image.msscdn.net/images/goods_img/20260310/6105272/6105272_17731105397286_500.jpg,36000,159000,77,109,A+등급,True,/Users/yoon/Library/CloudStorage/Dropbox/TRUNKROOM/sample-clothes-image/269_6105272_500.jpg
270,6313393,청/데님 팬츠 34,유니클로,uniqlo_used,https://www.musinsa.com/products/6313393,https://image.msscdn.net/images/goods_img/20260415/6313393/6313393_17762233775275_500.jpg,23000,23000,0,109,A+등급,True,/Users/yoon/Library/CloudStorage/Dropbox/TRUNKROOM/sample-clothes-image/270_6313393_500.jpg
271,6313226,청/데님 팬츠 34,플랙,plac,https://www.musinsa.com/products/6313226,https://image.msscdn.net/images/goods_img/20260415/6313226/6313226_17762224315989_500.jpg,24000,24000,0,109,A+등급,True,/Users/yoon/Library/CloudStorage/Dropbox/TRUNKROOM/sample-clothes-image/271_6313226_500.jpg
272,6290963,긴소매 티셔츠 S(90),지프,jeep,https://www.musinsa.com/products/6290963,https://image.msscdn.net/images/goods_img/20260410/6290963/6290963_17757915702064_500.jpg,25000,25000,0,109,B등급,True,/Users/yoon/Library/CloudStorage/Dropbox/TRUNKROOM/sample-clothes-image/272_6290963_500.jpg
273,6302813,피케/카라 티셔츠 S,디스이즈네버댓,thisisneverthat,https://www.musinsa.com/products/6302813,https://image.msscdn.net/images/goods_img/20260413/6302813/6302813_17760808545871_500.jpg,20000,20000,0,109,A+등급,True,/Users/yoon/Library/CloudStorage/Dropbox/TRUNKROOM/sample-clothes-image/273_6302813_500.jpg
274,6223246,후드 티셔츠 FREE,팬시클럽,nastyfancyclub,https://www.musinsa.com/products/6223246,https://image.msscdn.net/images/goods_img/20260330/6223246/6223246_17748801708607_500.jpg,31500,35000,10,109,A등급,True,/Users/yoon/Library/CloudStorage/Dropbox/TRUNKROOM/sample-clothes-image/274_6223246_500.jpg
275,6215255,코튼 구르카 팬츠 [블랙] 28,무신사 스탠다드,musinsastandard,https://www.musinsa.com/products/6215255,https://image.msscdn.net/images/goods_img/20260328/6215255/6215255_17746236217817_500.jpg,9000,49900,82,109,B등급,True,/Users/yoon/Library/CloudStorage/Dropbox/TRUNKROOM/sample-clothes-image/275_6215255_500.jpg
276,6253052,카디건,쿠어,coor,https://www.musinsa.com/products/6253052,https://image.msscdn.net/images/goods_img/20260403/6253052/6253052_17751949836455_500.jpg,40500,45000,10,109,A+등급,True,/Users/yoon/Library/CloudStorage/Dropbox/TRUNKROOM/sample-clothes-image/276_6253052_500.jpg
277,5934444,W SLIM FIT DENIM SHIRT blue OS,마리떼 프랑소와 저버,marithefrancoisgirbaud,https://www.musinsa.com/products/5934444,https://image.msscdn.net/images/goods_img/20260126/5934444/5934444_17693901117311_500.jpg,44520,159000,72,109,A+등급,True,/Users/yoon/Library/CloudStorage/Dropbox/TRUNKROOM/sample-clothes-image/277_5934444_500.jpg
278,5895271,긴소매 티셔츠 M,오프 화이트,offwhite,https://www.musinsa.com/products/5895271,https://image.msscdn.net/images/goods_img/20260114/5895271/5895271_17683778742237_500.jpg,80000,160000,50,109,S등급,True,/Users/yoon/Library/CloudStorage/Dropbox/TRUNKROOM/sample-clothes-image/278_5895271_500.jpg
279,6255191,캐주얼 셔츠 M,빔스,beams,https://www.musinsa.com/products/6255191,https://image.msscdn.net/images/goods_img/20260403/6255191/6255191_17752047709731_500.jpg,36000,40000,10,109,A+등급,True,/Users/yoon/Library/CloudStorage/Dropbox/TRUNKROOM/sample-clothes-image/279_6255191_500.jpg
280,6250696,코튼 팬츠 86.5,유니클로,uniqlo_used,https://www.musinsa.com/products/6250696,https://image.msscdn.net/images/goods_img/20260403/6250696/6250696_17751809476849_500.jpg,14400,16000,10,109,A+등급,True,/Users/yoon/Library/CloudStorage/Dropbox/TRUNKROOM/sample-clothes-image/280_6250696_500.jpg
281,6311195,청/데님 팬츠 M,유니클로,uniqlo_used,https://www.musinsa.com/products/6311195,https://image.msscdn.net/images/goods_img/20260415/6311195/6311195_17761860865227_500.jpg,14000,14000,0,109,A등급,True,/Users/yoon/Library/CloudStorage/Dropbox/TRUNKROOM/sample-clothes-image/281_6311195_500.jpg
282,5941024,우븐 파이어버드 트랙 팬츠 - 딥퍼플 / IZ2412 M,아디다스,adidas,https://www.musinsa.com/products/5941024,https://image.msscdn.net/images/goods_img/20260127/5941024/5941024_17694816124961_500.jpg,30540,109000,72,109,A+등급,True,/Users/yoon/Library/CloudStorage/Dropbox/TRUNKROOM/sample-clothes-image/282_5941024_500.jpg
283,5873056,ALIA TWEED JACKET (BLACK) FREE,그로브,grove,https://www.musinsa.com/products/5873056,https://image.msscdn.net/images/goods_img/20260107/5873056/5873056_17677462688097_500.jpg,67500,278000,76,109,A+등급,True,/Users/yoon/Library/CloudStorage/Dropbox/TRUNKROOM/sample-clothes-image/283_5873056_500.jpg
284,6166837,Cocoon Banded Pants (Heather Gray) 03,어나더 오피스,anotheroffice,https://www.musinsa.com/products/6166837,https://image.msscdn.net/images/goods_img/20260320/6166837/6166837_17739745842569_500.jpg,47160,158000,70,109,A+등급,True,/Users/yoon/Library/CloudStorage/Dropbox/TRUNKROOM/sample-clothes-image/284_6166837_500.jpg
285,6290862,반소매 티셔츠 S,더니트컴퍼니,theknitcompany,https://www.musinsa.com/products/6290862,https://image.msscdn.net/images/goods_img/20260410/6290862/6290862_17757909863543_500.jpg,14000,14000,0,109,A+등급,True,/Users/yoon/Library/CloudStorage/Dropbox/TRUNKROOM/sample-clothes-image/285_6290862_500.jpg
286,6264698,카디건 M,코스,cos_used,https://www.musinsa.com/products/6264698,https://image.msscdn.net/images/goods_img/20260406/6264698/6264698_17754864793007_500.jpg,31500,35000,10,109,A+등급,True,/Users/yoon/Library/CloudStorage/Dropbox/TRUNKROOM/sample-clothes-image/286_6264698_500.jpg
287,6304935,오버올 L,세인트크루,saintcrew,https://www.musinsa.com/products/6304935,https://image.msscdn.net/images/goods_img/20260414/6304935/6304935_17761317855742_500.jpg,35000,35000,0,109,A+등급,True,/Users/yoon/Library/CloudStorage/Dropbox/TRUNKROOM/sample-clothes-image/287_6304935_500.jpg
288,5914688,Garter Belt Tee Baby Blue S,스컬프터,sculptor,https://www.musinsa.com/products/5914688,https://image.msscdn.net/images/goods_img/20260120/5914688/5914688_17693960682256_500.jpg,57000,57000,0,109,A등급,True,/Users/yoon/Library/CloudStorage/Dropbox/TRUNKROOM/sample-clothes-image/288_5914688_500.jpg
289,5909966,BDU Pant - Teal Grey M,디스이즈네버댓,thisisneverthat,https://www.musinsa.com/products/5909966,https://image.msscdn.net/images/goods_img/20260119/5909966/5909966_17688062321480_500.jpg,30240,139000,78,109,A등급,True,/Users/yoon/Library/CloudStorage/Dropbox/TRUNKROOM/sample-clothes-image/289_5909966_500.jpg
290,6311693,청/데님 팬츠 86,지오다노,giordano,https://www.musinsa.com/products/6311693,https://image.msscdn.net/images/goods_img/20260415/6311693/6311693_17762142499297_500.jpg,24000,24000,0,109,A등급,True,/Users/yoon/Library/CloudStorage/Dropbox/TRUNKROOM/sample-clothes-image/290_6311693_500.jpg
291,6254874,캐주얼 셔츠 XL,브룩스 브라더스,brooksbrothers,https://www.musinsa.com/products/6254874,https://image.msscdn.net/images/goods_img/20260403/6254874/6254874_17752033156610_500.jpg,36000,40000,10,109,A+등급,True,/Users/yoon/Library/CloudStorage/Dropbox/TRUNKROOM/sample-clothes-image/291_6254874_500.jpg
292,6299121,반소매 티셔츠 M,스컬프터,sculptor,https://www.musinsa.com/products/6299121,https://image.msscdn.net/images/goods_img/20260413/6299121/6299121_17760569325596_500.jpg,63500,63500,0,109,A등급,True,/Users/yoon/Library/CloudStorage/Dropbox/TRUNKROOM/sample-clothes-image/292_6299121_500.jpg
293,6282706,나일론/코치 재킷 XL,자바나스,zavanas,https://www.musinsa.com/products/6282706,https://image.msscdn.net/images/goods_img/20260409/6282706/6282706_17757035768957_500.jpg,36000,36000,0,109,A+등급,True,/Users/yoon/Library/CloudStorage/Dropbox/TRUNKROOM/sample-clothes-image/293_6282706_500.jpg
294,6305096,긴소매 티셔츠 L,자바나스,zavanas,https://www.musinsa.com/products/6305096,https://image.msscdn.net/images/goods_img/20260414/6305096/6305096_17761330727709_500.jpg,14000,14000,0,109,A+등급,True,/Users/yoon/Library/CloudStorage/Dropbox/TRUNKROOM/sample-clothes-image/294_6305096_500.jpg
295,5883443,501® 오리지널 핏 진_12501-0377 W24 L28,리바이스,levis,https://www.musinsa.com/products/5883443,https://image.msscdn.net/images/goods_img/20260109/5883443/5883443_17679481248433_500.jpg,37500,139000,73,109,A+등급,True,/Users/yoon/Library/CloudStorage/Dropbox/TRUNKROOM/sample-clothes-image/295_5883443_500.jpg
296,5919609,반소매 티셔츠 XL,뉴에라,newera,https://www.musinsa.com/products/5919609,https://image.msscdn.net/images/goods_img/20260121/5919609/5919609_17691539832140_500.jpg,30000,30000,0,109,S+등급,True,/Users/yoon/Library/CloudStorage/Dropbox/TRUNKROOM/sample-clothes-image/296_5919609_500.jpg
297,5836336,CLUB DE PARIS 윈드 브레이커 - IVORY S,이로,iro,https://www.musinsa.com/products/5836336,https://image.msscdn.net/images/goods_img/20251217/5836336/5836336_17659521564098_500.jpg,84000,439000,81,109,A+등급,True,/Users/yoon/Library/CloudStorage/Dropbox/TRUNKROOM/sample-clothes-image/297_5836336_500.jpg
298,6312817,하프 패딩/하프 헤비 아우터 XL,유니클로,uniqlo_used,https://www.musinsa.com/products/6312817,https://image.msscdn.net/images/goods_img/20260415/6312817/6312817_17762204790284_500.jpg,15000,15000,0,109,A+등급,True,/Users/yoon/Library/CloudStorage/Dropbox/TRUNKROOM/sample-clothes-image/298_6312817_500.jpg
299,6072141,ALL DAY ZIP UP HOODIE BLACK(MG2EFMM492A) S,마하그리드,mahagrid,https://www.musinsa.com/products/6072141,https://image.msscdn.net/images/goods_img/20260303/6072141/6072141_17730221790418_500.jpg,30600,109000,72,109,A+등급,True,/Users/yoon/Library/CloudStorage/Dropbox/TRUNKROOM/sample-clothes-image/299_6072141_500.jpg
300,6301053,조거 팬츠,자바나스,zavanas,https://www.musinsa.com/products/6301053,https://image.msscdn.net/images/goods_img/20260413/6301053/6301053_17760648579498_500.jpg,19000,19000,0,109,A+등급,True,/Users/yoon/Library/CloudStorage/Dropbox/TRUNKROOM/sample-clothes-image/300_6301053_500.jpg
